set,protocol,qid,slice,qtype,code,ndcg@10,recall@5,recall@10,mrr@10
dev,article,dev-gk-1004,seen,legal,gk,1.00000,1.00000,1.00000,1.00000
dev,article,dev-gk-1058,seen,search,gk,1.00000,1.00000,1.00000,1.00000
dev,article,dev-gk-1069,seen,search,gk,1.00000,1.00000,1.00000,1.00000
dev,article,dev-gk-1026,seen,everyday,gk,0.63093,1.00000,1.00000,0.50000
dev,article,dev-gk-1093,seen,legal,gk,1.00000,1.00000,1.00000,1.00000
dev,article,dev-gk-1123,seen,search,gk,1.00000,1.00000,1.00000,1.00000
dev,article,dev-gk-1118,seen,legal,gk,1.00000,1.00000,1.00000,1.00000
dev,article,dev-gk-1137,seen,search,gk,0.50000,1.00000,1.00000,0.33333
dev,article,dev-gk-1138,seen,legal,gk,1.00000,1.00000,1.00000,1.00000
dev,article,dev-gk-1150,seen,legal,gk,1.00000,1.00000,1.00000,1.00000
dev,article,dev-gk-1164,seen,everyday,gk,0.00000,0.00000,0.00000,0.00000
dev,article,dev-gk-1165,seen,legal,gk,1.00000,1.00000,1.00000,1.00000
dev,article,dev-gk-1172,seen,legal,gk,1.00000,1.00000,1.00000,1.00000
dev,article,dev-gk-1176,seen,search,gk,1.00000,1.00000,1.00000,1.00000
dev,article,dev-gk-12,seen,search,gk,1.00000,1.00000,1.00000,1.00000
dev,article,dev-gk-1191,seen,legal,gk,1.00000,1.00000,1.00000,1.00000
dev,article,dev-gk-1188,seen,everyday,gk,1.00000,1.00000,1.00000,1.00000
dev,article,dev-gk-1216.1,seen,legal,gk,1.00000,1.00000,1.00000,1.00000
dev,article,dev-gk-123.16-2,seen,legal,gk,1.00000,1.00000,1.00000,1.00000
dev,article,dev-gk-1228,seen,everyday,gk,0.33333,0.00000,1.00000,0.14286
dev,article,dev-gk-123.9,seen,legal,gk,1.00000,1.00000,1.00000,1.00000
dev,article,dev-gk-1232,seen,legal,gk,1.00000,1.00000,1.00000,1.00000
dev,article,dev-gk-125,seen,search,gk,0.50000,1.00000,1.00000,0.33333
dev,article,dev-gk-1240,seen,everyday,gk,1.00000,1.00000,1.00000,1.00000
dev,article,dev-gk-1289,seen,search,gk,1.00000,1.00000,1.00000,1.00000
dev,article,dev-gk-1307,seen,legal,gk,1.00000,1.00000,1.00000,1.00000
dev,article,dev-gk-1303,seen,everyday,gk,0.00000,0.00000,0.00000,0.00000
dev,article,dev-gk-1316,seen,legal,gk,1.00000,1.00000,1.00000,1.00000
dev,article,dev-gk-1355,seen,search,gk,1.00000,1.00000,1.00000,1.00000
dev,article,dev-gk-1336,seen,everyday,gk,1.00000,1.00000,1.00000,1.00000
dev,article,dev-gk-1317,seen,everyday,gk,0.00000,0.00000,0.00000,0.00000
dev,article,dev-gk-1383,seen,everyday,gk,1.00000,1.00000,1.00000,1.00000
dev,article,dev-gk-141.1,seen,legal,gk,1.00000,1.00000,1.00000,1.00000
dev,article,dev-gk-1429,seen,legal,gk,1.00000,1.00000,1.00000,1.00000
dev,article,dev-gk-1434,seen,legal,gk,1.00000,1.00000,1.00000,1.00000
dev,article,dev-gk-1469,seen,everyday,gk,1.00000,1.00000,1.00000,1.00000
dev,article,dev-gk-147.1,seen,legal,gk,1.00000,1.00000,1.00000,1.00000
dev,article,dev-gk-1482,seen,search,gk,1.00000,1.00000,1.00000,1.00000
dev,article,dev-gk-1489,seen,legal,gk,1.00000,1.00000,1.00000,1.00000
dev,article,dev-gk-1516,seen,legal,gk,1.00000,1.00000,1.00000,1.00000
dev,article,dev-gk-15,seen,everyday,gk,0.00000,0.00000,0.00000,0.00000
dev,article,dev-gk-152,seen,everyday,gk,1.00000,1.00000,1.00000,1.00000
dev,article,dev-gk-1522,seen,everyday,gk,1.00000,1.00000,1.00000,1.00000
dev,article,dev-gk-160,seen,everyday,gk,1.00000,1.00000,1.00000,1.00000
dev,article,dev-gk-174.1,seen,everyday,gk,0.00000,0.00000,0.00000,0.00000
dev,article,dev-gk-163,seen,everyday,gk,1.00000,1.00000,1.00000,1.00000
dev,article,dev-gk-197,seen,legal,gk,1.00000,1.00000,1.00000,1.00000
dev,article,dev-gk-21,seen,search,gk,1.00000,1.00000,1.00000,1.00000
dev,article,dev-gk-20,seen,everyday,gk,0.00000,0.00000,0.00000,0.00000
dev,article,dev-gk-214,seen,everyday,gk,1.00000,1.00000,1.00000,1.00000
dev,article,dev-gk-250,seen,search,gk,1.00000,1.00000,1.00000,1.00000
dev,article,dev-gk-253,seen,search,gk,1.00000,1.00000,1.00000,1.00000
dev,article,dev-gk-22,seen,everyday,gk,1.00000,1.00000,1.00000,1.00000
dev,article,dev-gk-232,seen,everyday,gk,1.00000,1.00000,1.00000,1.00000
dev,article,dev-gk-287.4,seen,search,gk,0.50000,1.00000,1.00000,0.33333
dev,article,dev-gk-258,seen,legal,gk,1.00000,1.00000,1.00000,1.00000
dev,article,dev-gk-319.1,seen,search,gk,1.00000,1.00000,1.00000,1.00000
dev,article,dev-gk-388.1,seen,search,gk,1.00000,1.00000,1.00000,1.00000
dev,article,dev-gk-428,seen,search,gk,1.00000,1.00000,1.00000,1.00000
dev,article,dev-gk-438,seen,search,gk,1.00000,1.00000,1.00000,1.00000
dev,article,dev-gk-452,seen,search,gk,0.63093,1.00000,1.00000,0.50000
dev,article,dev-gk-429.4,seen,legal,gk,1.00000,1.00000,1.00000,1.00000
dev,article,dev-gk-479,seen,search,gk,1.00000,1.00000,1.00000,1.00000
dev,article,dev-gk-470,seen,everyday,gk,0.00000,0.00000,0.00000,0.00000
dev,article,dev-gk-487,seen,everyday,gk,0.31546,0.00000,1.00000,0.12500
dev,article,dev-gk-499,seen,everyday,gk,0.00000,0.00000,0.00000,0.00000
dev,article,dev-gk-50.1,seen,legal,gk,1.00000,1.00000,1.00000,1.00000
dev,article,dev-gk-506,seen,search,gk,1.00000,1.00000,1.00000,1.00000
dev,article,dev-gk-502,seen,everyday,gk,0.63093,1.00000,1.00000,0.50000
dev,article,dev-gk-523,seen,legal,gk,1.00000,1.00000,1.00000,1.00000
dev,article,dev-gk-561,seen,search,gk,1.00000,1.00000,1.00000,1.00000
dev,article,dev-gk-563,seen,legal,gk,1.00000,1.00000,1.00000,1.00000
dev,article,dev-gk-564,seen,search,gk,0.63093,1.00000,1.00000,0.50000
dev,article,dev-gk-53.1,seen,everyday,gk,0.38685,1.00000,1.00000,0.20000
dev,article,dev-gk-586,seen,search,gk,1.00000,1.00000,1.00000,1.00000
dev,article,dev-gk-584,seen,search,gk,1.00000,1.00000,1.00000,1.00000
dev,article,dev-gk-616,seen,search,gk,1.00000,1.00000,1.00000,1.00000
dev,article,dev-gk-634,seen,search,gk,0.63093,1.00000,1.00000,0.50000
dev,article,dev-gk-62,seen,legal,gk,0.38685,1.00000,1.00000,0.20000
dev,article,dev-gk-682,seen,legal,gk,0.63093,1.00000,1.00000,0.50000
dev,article,dev-gk-730,seen,search,gk,1.00000,1.00000,1.00000,1.00000
dev,article,dev-gk-72,seen,legal,gk,1.00000,1.00000,1.00000,1.00000
dev,article,dev-gk-750,seen,legal,gk,1.00000,1.00000,1.00000,1.00000
dev,article,dev-gk-788,seen,search,gk,0.50000,1.00000,1.00000,0.33333
dev,article,dev-gk-761,seen,legal,gk,1.00000,1.00000,1.00000,1.00000
dev,article,dev-gk-789,seen,legal,gk,1.00000,1.00000,1.00000,1.00000
dev,article,dev-gk-774,seen,everyday,gk,1.00000,1.00000,1.00000,1.00000
dev,article,dev-gk-799,seen,everyday,gk,1.00000,1.00000,1.00000,1.00000
dev,article,dev-gk-800,seen,search,gk,1.00000,1.00000,1.00000,1.00000
dev,article,dev-gk-831,seen,legal,gk,0.63093,1.00000,1.00000,0.50000
dev,article,dev-gk-844,seen,legal,gk,1.00000,1.00000,1.00000,1.00000
dev,article,dev-gk-833,seen,everyday,gk,1.00000,1.00000,1.00000,1.00000
dev,article,dev-gk-845,seen,legal,gk,1.00000,1.00000,1.00000,1.00000
dev,article,dev-gk-848,seen,legal,gk,1.00000,1.00000,1.00000,1.00000
dev,article,dev-gk-853,seen,legal,gk,1.00000,1.00000,1.00000,1.00000
dev,article,dev-gk-860.2,seen,legal,gk,1.00000,1.00000,1.00000,1.00000
dev,article,dev-gk-861,seen,search,gk,1.00000,1.00000,1.00000,1.00000
dev,article,dev-gk-87,seen,search,gk,0.43068,1.00000,1.00000,0.25000
dev,article,dev-gk-896,seen,legal,gk,1.00000,1.00000,1.00000,1.00000
dev,article,dev-gk-891,seen,everyday,gk,0.63093,1.00000,1.00000,0.50000
dev,article,dev-gk-904,seen,everyday,gk,1.00000,1.00000,1.00000,1.00000
dev,article,dev-gk-905,seen,search,gk,1.00000,1.00000,1.00000,1.00000
dev,article,dev-gk-916,seen,legal,gk,1.00000,1.00000,1.00000,1.00000
dev,article,dev-gk-951,seen,everyday,gk,1.00000,1.00000,1.00000,1.00000
dev,article,dev-gk-979,seen,everyday,gk,1.00000,1.00000,1.00000,1.00000
dev,article,dev-koap-1.3,seen,everyday,koap,0.28906,0.00000,1.00000,0.10000
dev,article,dev-gk-980,seen,everyday,gk,1.00000,1.00000,1.00000,1.00000
dev,article,dev-koap-11.27,seen,search,koap,1.00000,1.00000,1.00000,1.00000
dev,article,dev-koap-11.30,seen,search,koap,1.00000,1.00000,1.00000,1.00000
dev,article,dev-koap-11.10,seen,everyday,koap,1.00000,1.00000,1.00000,1.00000
dev,article,dev-koap-11.8,seen,legal,koap,1.00000,1.00000,1.00000,1.00000
dev,article,dev-koap-12.10,seen,everyday,koap,1.00000,1.00000,1.00000,1.00000
dev,article,dev-koap-12.6,seen,everyday,koap,0.00000,0.00000,0.00000,0.00000
dev,article,dev-koap-12.9,seen,legal,koap,1.00000,1.00000,1.00000,1.00000
dev,article,dev-koap-13.27.1,seen,legal,koap,1.00000,1.00000,1.00000,1.00000
dev,article,dev-koap-13.19.2,seen,everyday,koap,0.63093,1.00000,1.00000,0.50000
dev,article,dev-koap-14.17.1,seen,search,koap,1.00000,1.00000,1.00000,1.00000
dev,article,dev-koap-13.40.1,seen,legal,koap,1.00000,1.00000,1.00000,1.00000
dev,article,dev-koap-14.4.4,seen,search,koap,1.00000,1.00000,1.00000,1.00000
dev,article,dev-koap-14.3,seen,everyday,koap,0.00000,0.00000,0.00000,0.00000
dev,article,dev-koap-14.36,seen,everyday,koap,1.00000,1.00000,1.00000,1.00000
dev,article,dev-koap-14.53.1,seen,search,koap,1.00000,1.00000,1.00000,1.00000
dev,article,dev-koap-15.36,seen,search,koap,1.00000,1.00000,1.00000,1.00000
dev,article,dev-koap-15.26.1,seen,legal,koap,1.00000,1.00000,1.00000,1.00000
dev,article,dev-koap-15.33.2,seen,legal,koap,1.00000,1.00000,1.00000,1.00000
dev,article,dev-koap-15.46,seen,legal,koap,1.00000,1.00000,1.00000,1.00000
dev,article,dev-koap-16.12,seen,search,koap,1.00000,1.00000,1.00000,1.00000
dev,article,dev-koap-17.7,seen,everyday,koap,1.00000,1.00000,1.00000,1.00000
dev,article,dev-koap-16.13,seen,legal,koap,1.00000,1.00000,1.00000,1.00000
dev,article,dev-koap-18.11,seen,everyday,koap,1.00000,1.00000,1.00000,1.00000
dev,article,dev-koap-18.21,seen,search,koap,1.00000,1.00000,1.00000,1.00000
dev,article,dev-koap-18.6,seen,search,koap,1.00000,1.00000,1.00000,1.00000
dev,article,dev-koap-19.17,seen,search,koap,1.00000,1.00000,1.00000,1.00000
dev,article,dev-koap-18.14,seen,everyday,koap,1.00000,1.00000,1.00000,1.00000
dev,article,dev-koap-19.31,seen,legal,koap,1.00000,1.00000,1.00000,1.00000
dev,article,dev-koap-2.6,seen,everyday,koap,0.35621,0.00000,1.00000,0.16667
dev,article,dev-koap-2.7,seen,everyday,koap,0.00000,0.00000,0.00000,0.00000
dev,article,dev-koap-20.15,seen,everyday,koap,0.63093,1.00000,1.00000,0.50000
dev,article,dev-koap-20.19,seen,legal,koap,1.00000,1.00000,1.00000,1.00000
dev,article,dev-koap-21.2,seen,search,koap,1.00000,1.00000,1.00000,1.00000
dev,article,dev-koap-20.9,seen,everyday,koap,1.00000,1.00000,1.00000,1.00000
dev,article,dev-koap-20.2.2,seen,everyday,koap,1.00000,1.00000,1.00000,1.00000
dev,article,dev-koap-21.7,seen,legal,koap,1.00000,1.00000,1.00000,1.00000
dev,article,dev-koap-23.29,seen,search,koap,1.00000,1.00000,1.00000,1.00000
dev,article,dev-koap-23.22,seen,everyday,koap,1.00000,1.00000,1.00000,1.00000
dev,article,dev-koap-23.68,seen,search,koap,0.35621,0.00000,1.00000,0.16667
dev,article,dev-koap-23.4,seen,legal,koap,1.00000,1.00000,1.00000,1.00000
dev,article,dev-koap-23.7.2,seen,search,koap,1.00000,1.00000,1.00000,1.00000
dev,article,dev-koap-23.74,seen,search,koap,1.00000,1.00000,1.00000,1.00000
dev,article,dev-koap-23.93,seen,everyday,koap,1.00000,1.00000,1.00000,1.00000
dev,article,dev-koap-23.98,seen,legal,koap,1.00000,1.00000,1.00000,1.00000
dev,article,dev-koap-26.7,seen,search,koap,1.00000,1.00000,1.00000,1.00000
dev,article,dev-koap-26.6,seen,legal,koap,1.00000,1.00000,1.00000,1.00000
dev,article,dev-koap-25.9,seen,everyday,koap,1.00000,1.00000,1.00000,1.00000
dev,article,dev-koap-28.6,seen,search,koap,1.00000,1.00000,1.00000,1.00000
dev,article,dev-koap-29.1.6,seen,legal,koap,1.00000,1.00000,1.00000,1.00000
dev,article,dev-koap-29.10,seen,everyday,koap,0.00000,0.00000,0.00000,0.00000
dev,article,dev-koap-31.12,seen,search,koap,1.00000,1.00000,1.00000,1.00000
dev,article,dev-koap-30.9,seen,everyday,koap,0.63093,1.00000,1.00000,0.50000
dev,article,dev-koap-32.12,seen,search,koap,1.00000,1.00000,1.00000,1.00000
dev,article,dev-koap-5.1,seen,legal,koap,1.00000,1.00000,1.00000,1.00000
dev,article,dev-koap-5.17,seen,legal,koap,1.00000,1.00000,1.00000,1.00000
dev,article,dev-koap-5.22,seen,legal,koap,1.00000,1.00000,1.00000,1.00000
dev,article,dev-koap-5.33,seen,search,koap,1.00000,1.00000,1.00000,1.00000
dev,article,dev-koap-5.31,seen,legal,koap,1.00000,1.00000,1.00000,1.00000
dev,article,dev-koap-5.6,seen,search,koap,0.50000,1.00000,1.00000,0.33333
dev,article,dev-koap-7.28,seen,everyday,koap,1.00000,1.00000,1.00000,1.00000
dev,article,dev-koap-7.30.3,seen,search,koap,0.50000,1.00000,1.00000,0.33333
dev,article,dev-koap-7.30.6,seen,everyday,koap,1.00000,1.00000,1.00000,1.00000
dev,article,dev-koap-8.12,seen,search,koap,0.50000,1.00000,1.00000,0.33333
dev,article,dev-koap-8.49,seen,search,koap,0.00000,0.00000,0.00000,0.00000
dev,article,dev-koap-7.33,seen,everyday,koap,0.50000,1.00000,1.00000,0.33333
dev,article,dev-koap-8.53,seen,legal,koap,1.00000,1.00000,1.00000,1.00000
dev,article,dev-koap-8.7,seen,legal,koap,1.00000,1.00000,1.00000,1.00000
dev,article,dev-tk-115,seen,legal,tk,1.00000,1.00000,1.00000,1.00000
dev,article,dev-tk-15,seen,search,tk,1.00000,1.00000,1.00000,1.00000
dev,article,dev-tk-105,seen,everyday,tk,1.00000,1.00000,1.00000,1.00000
dev,article,dev-tk-168.1,seen,search,tk,1.00000,1.00000,1.00000,1.00000
dev,article,dev-tk-163,seen,everyday,tk,0.50000,1.00000,1.00000,0.33333
dev,article,dev-tk-167,seen,everyday,tk,1.00000,1.00000,1.00000,1.00000
dev,article,dev-tk-185.1,seen,search,tk,1.00000,1.00000,1.00000,1.00000
dev,article,dev-tk-188,seen,search,tk,1.00000,1.00000,1.00000,1.00000
dev,article,dev-tk-182,seen,everyday,tk,1.00000,1.00000,1.00000,1.00000
dev,article,dev-tk-227,seen,search,tk,0.50000,1.00000,1.00000,0.33333
dev,article,dev-tk-22.1,seen,legal,tk,1.00000,1.00000,1.00000,1.00000
dev,article,dev-tk-228.1,seen,search,tk,1.00000,1.00000,1.00000,1.00000
dev,article,dev-tk-241,seen,legal,tk,1.00000,1.00000,1.00000,1.00000
dev,article,dev-tk-252,seen,search,tk,1.00000,1.00000,1.00000,1.00000
dev,article,dev-tk-315,seen,legal,tk,0.43068,1.00000,1.00000,0.25000
dev,article,dev-tk-312.7,seen,legal,tk,1.00000,1.00000,1.00000,1.00000
dev,article,dev-tk-262.2,seen,everyday,tk,1.00000,1.00000,1.00000,1.00000
dev,article,dev-tk-335,seen,search,tk,1.00000,1.00000,1.00000,1.00000
dev,article,dev-tk-330.5,seen,legal,tk,1.00000,1.00000,1.00000,1.00000
dev,article,dev-tk-330.2,seen,everyday,tk,1.00000,1.00000,1.00000,1.00000
dev,article,dev-tk-340,seen,legal,tk,1.00000,1.00000,1.00000,1.00000
dev,article,dev-tk-341.2-1,seen,legal,tk,1.00000,1.00000,1.00000,1.00000
dev,article,dev-tk-341,seen,everyday,tk,1.00000,1.00000,1.00000,1.00000
dev,article,dev-tk-343,seen,everyday,tk,0.50000,1.00000,1.00000,0.33333
dev,article,dev-tk-349.3,seen,everyday,tk,1.00000,1.00000,1.00000,1.00000
dev,article,dev-tk-368,seen,legal,tk,1.00000,1.00000,1.00000,1.00000
dev,article,dev-tk-381,seen,search,tk,1.00000,1.00000,1.00000,1.00000
dev,article,dev-tk-392,seen,legal,tk,1.00000,1.00000,1.00000,1.00000
dev,article,dev-tk-42,seen,legal,tk,0.50000,1.00000,1.00000,0.33333
dev,article,dev-tk-43,seen,everyday,tk,1.00000,1.00000,1.00000,1.00000
dev,article,dev-tk-5,seen,search,tk,0.00000,0.00000,0.00000,0.00000
dev,article,dev-tk-45,seen,everyday,tk,1.00000,1.00000,1.00000,1.00000
dev,article,dev-zhk-119,seen,search,zhk,1.00000,1.00000,1.00000,1.00000
dev,article,dev-zhk-10,seen,everyday,zhk,0.43068,1.00000,1.00000,0.25000
dev,article,dev-zhk-133,seen,search,zhk,1.00000,1.00000,1.00000,1.00000
dev,article,dev-tk-88,seen,everyday,tk,1.00000,1.00000,1.00000,1.00000
dev,article,dev-zhk-149,seen,search,zhk,0.63093,1.00000,1.00000,0.50000
dev,article,dev-zhk-168,seen,search,zhk,0.50000,1.00000,1.00000,0.33333
dev,article,dev-zhk-187,seen,search,zhk,1.00000,1.00000,1.00000,1.00000
dev,article,dev-zhk-170,seen,everyday,zhk,0.35621,0.00000,1.00000,0.16667
dev,article,dev-zhk-172,seen,everyday,zhk,1.00000,1.00000,1.00000,1.00000
dev,article,dev-zhk-47,seen,search,zhk,0.50000,1.00000,1.00000,0.33333
dev,article,dev-zhk-198,seen,legal,zhk,0.63093,1.00000,1.00000,0.50000
dev,article,dev-zhk-26,seen,legal,zhk,1.00000,1.00000,1.00000,1.00000
dev,article,dev-zhk-93,seen,search,zhk,1.00000,1.00000,1.00000,1.00000
dev,article,dev-zhk-48,seen,everyday,zhk,0.63093,1.00000,1.00000,0.50000
dev,article,dev-zhk-74,seen,everyday,zhk,0.43068,1.00000,1.00000,0.25000
dev,article,dev-zhk-98.1,seen,legal,zhk,1.00000,1.00000,1.00000,1.00000
dev,article,dev-gk-1173,unseen_articles,search,gk,1.00000,1.00000,1.00000,1.00000
dev,article,dev-gk-1206,unseen_articles,search,gk,0.28906,0.00000,1.00000,0.10000
dev,article,dev-gk-1347,unseen_articles,search,gk,1.00000,1.00000,1.00000,1.00000
dev,article,dev-gk-1257,unseen_articles,legal,gk,1.00000,1.00000,1.00000,1.00000
dev,article,dev-gk-1279,unseen_articles,search,gk,1.00000,1.00000,1.00000,1.00000
dev,article,dev-gk-141.2,unseen_articles,everyday,gk,1.00000,1.00000,1.00000,1.00000
dev,article,dev-gk-1360.1,unseen_articles,everyday,gk,1.00000,1.00000,1.00000,1.00000
dev,article,dev-gk-1379,unseen_articles,everyday,gk,1.00000,1.00000,1.00000,1.00000
dev,article,dev-gk-149.3,unseen_articles,search,gk,0.50000,1.00000,1.00000,0.33333
dev,article,dev-gk-1524,unseen_articles,search,gk,0.50000,1.00000,1.00000,0.33333
dev,article,dev-gk-155,unseen_articles,legal,gk,1.00000,1.00000,1.00000,1.00000
dev,article,dev-gk-244,unseen_articles,legal,gk,1.00000,1.00000,1.00000,1.00000
dev,article,dev-gk-271,unseen_articles,legal,gk,1.00000,1.00000,1.00000,1.00000
dev,article,dev-gk-33,unseen_articles,legal,gk,1.00000,1.00000,1.00000,1.00000
dev,article,dev-gk-32,unseen_articles,everyday,gk,1.00000,1.00000,1.00000,1.00000
dev,article,dev-gk-358.1,unseen_articles,legal,gk,1.00000,1.00000,1.00000,1.00000
dev,article,dev-gk-475,unseen_articles,search,gk,0.43068,1.00000,1.00000,0.25000
dev,article,dev-gk-358.3,unseen_articles,everyday,gk,0.63093,1.00000,1.00000,0.50000
dev,article,dev-gk-48,unseen_articles,everyday,gk,1.00000,1.00000,1.00000,1.00000
dev,article,dev-gk-516,unseen_articles,legal,gk,1.00000,1.00000,1.00000,1.00000
dev,article,dev-gk-496,unseen_articles,everyday,gk,0.35621,0.00000,1.00000,0.16667
dev,article,dev-gk-533,unseen_articles,search,gk,1.00000,1.00000,1.00000,1.00000
dev,article,dev-gk-589,unseen_articles,search,gk,1.00000,1.00000,1.00000,1.00000
dev,article,dev-gk-686,unseen_articles,everyday,gk,0.50000,1.00000,1.00000,0.33333
dev,article,dev-gk-66.3,unseen_articles,everyday,gk,0.63093,1.00000,1.00000,0.50000
dev,article,dev-gk-764,unseen_articles,search,gk,0.63093,1.00000,1.00000,0.50000
dev,article,dev-gk-734,unseen_articles,everyday,gk,1.00000,1.00000,1.00000,1.00000
dev,article,dev-gk-8.1,unseen_articles,everyday,gk,0.63093,1.00000,1.00000,0.50000
dev,article,dev-gk-843,unseen_articles,search,gk,1.00000,1.00000,1.00000,1.00000
dev,article,dev-gk-834,unseen_articles,legal,gk,1.00000,1.00000,1.00000,1.00000
dev,article,dev-gk-859.1,unseen_articles,everyday,gk,1.00000,1.00000,1.00000,1.00000
dev,article,dev-gk-875,unseen_articles,everyday,gk,0.31546,0.00000,1.00000,0.12500
dev,article,dev-gk-884,unseen_articles,legal,gk,1.00000,1.00000,1.00000,1.00000
dev,article,dev-gk-944,unseen_articles,search,gk,0.50000,1.00000,1.00000,0.33333
dev,article,dev-gk-969,unseen_articles,legal,gk,1.00000,1.00000,1.00000,1.00000
dev,article,dev-gk-94,unseen_articles,legal,gk,0.63093,1.00000,1.00000,0.50000
dev,article,dev-koap-1.2,unseen_articles,legal,koap,1.00000,1.00000,1.00000,1.00000
dev,article,dev-koap-11.8.1,unseen_articles,legal,koap,1.00000,1.00000,1.00000,1.00000
dev,article,dev-koap-13.19.5,unseen_articles,search,koap,0.00000,0.00000,0.00000,0.00000
dev,article,dev-koap-11.14,unseen_articles,everyday,koap,0.63093,1.00000,1.00000,0.50000
dev,article,dev-koap-13.10,unseen_articles,everyday,koap,1.00000,1.00000,1.00000,1.00000
dev,article,dev-koap-13.28,unseen_articles,search,koap,0.50000,1.00000,1.00000,0.33333
dev,article,dev-koap-13.33,unseen_articles,search,koap,0.63093,1.00000,1.00000,0.50000
dev,article,dev-koap-14.10,unseen_articles,everyday,koap,0.63093,1.00000,1.00000,0.50000
dev,article,dev-koap-15.13,unseen_articles,legal,koap,1.00000,1.00000,1.00000,1.00000
dev,article,dev-koap-16.4,unseen_articles,legal,koap,1.00000,1.00000,1.00000,1.00000
dev,article,dev-koap-15.37.1,unseen_articles,everyday,koap,1.00000,1.00000,1.00000,1.00000
dev,article,dev-koap-19.21,unseen_articles,search,koap,1.00000,1.00000,1.00000,1.00000
dev,article,dev-koap-19.18,unseen_articles,everyday,koap,1.00000,1.00000,1.00000,1.00000
dev,article,dev-koap-19.6,unseen_articles,legal,koap,1.00000,1.00000,1.00000,1.00000
dev,article,dev-koap-19.8.1,unseen_articles,search,koap,0.00000,0.00000,0.00000,0.00000
dev,article,dev-koap-19.7.5-1,unseen_articles,legal,koap,1.00000,1.00000,1.00000,1.00000
dev,article,dev-koap-20.10,unseen_articles,everyday,koap,1.00000,1.00000,1.00000,1.00000
dev,article,dev-koap-23.28,unseen_articles,search,koap,1.00000,1.00000,1.00000,1.00000
dev,article,dev-koap-23.77,unseen_articles,legal,koap,0.50000,1.00000,1.00000,0.33333
dev,article,dev-koap-27.1,unseen_articles,search,koap,1.00000,1.00000,1.00000,1.00000
dev,article,dev-koap-5.66,unseen_articles,everyday,koap,0.63093,1.00000,1.00000,0.50000
dev,article,dev-koap-8.24,unseen_articles,everyday,koap,0.63093,1.00000,1.00000,0.50000
dev,article,dev-tk-151,unseen_articles,search,tk,1.00000,1.00000,1.00000,1.00000
dev,article,dev-tk-134,unseen_articles,legal,tk,1.00000,1.00000,1.00000,1.00000
dev,article,dev-tk-154,unseen_articles,search,tk,1.00000,1.00000,1.00000,1.00000
dev,article,dev-tk-311,unseen_articles,search,tk,1.00000,1.00000,1.00000,1.00000
dev,article,dev-tk-321,unseen_articles,everyday,tk,1.00000,1.00000,1.00000,1.00000
dev,article,dev-tk-328.1,unseen_articles,legal,tk,1.00000,1.00000,1.00000,1.00000
dev,article,dev-tk-336,unseen_articles,legal,tk,1.00000,1.00000,1.00000,1.00000
dev,article,dev-tk-46,unseen_articles,legal,tk,1.00000,1.00000,1.00000,1.00000
dev,article,dev-tk-60.2,unseen_articles,legal,tk,1.00000,1.00000,1.00000,1.00000
dev,article,dev-tk-47,unseen_articles,everyday,tk,0.38685,1.00000,1.00000,0.20000
dev,article,dev-zhk-118,unseen_articles,search,zhk,1.00000,1.00000,1.00000,1.00000
dev,article,dev-tk-84,unseen_articles,legal,tk,1.00000,1.00000,1.00000,1.00000
dev,article,dev-zhk-152,unseen_articles,legal,zhk,1.00000,1.00000,1.00000,1.00000
dev,article,dev-zhk-20,unseen_articles,search,zhk,1.00000,1.00000,1.00000,1.00000
dev,article,dev-zhk-22,unseen_articles,search,zhk,1.00000,1.00000,1.00000,1.00000
dev,article,dev-zhk-91.1,unseen_articles,everyday,zhk,0.63093,1.00000,1.00000,0.50000
test,article,test-gk-1,seen,search,gk,1.00000,1.00000,1.00000,1.00000
test,article,test-gk-1017,seen,legal,gk,1.00000,1.00000,1.00000,1.00000
test,article,test-gk-1049,seen,search,gk,1.00000,1.00000,1.00000,1.00000
test,article,test-gk-1000,seen,everyday,gk,0.00000,0.00000,0.00000,0.00000
test,article,test-gk-1056,seen,search,gk,1.00000,1.00000,1.00000,1.00000
test,article,test-gk-1046,seen,everyday,gk,1.00000,1.00000,1.00000,1.00000
test,article,test-gk-1070,seen,legal,gk,1.00000,1.00000,1.00000,1.00000
test,article,test-gk-1077,seen,legal,gk,1.00000,1.00000,1.00000,1.00000
test,article,test-gk-1075,seen,everyday,gk,1.00000,1.00000,1.00000,1.00000
test,article,test-gk-1090,seen,search,gk,1.00000,1.00000,1.00000,1.00000
test,article,test-gk-1085,seen,everyday,gk,1.00000,1.00000,1.00000,1.00000
test,article,test-gk-1079,seen,everyday,gk,0.00000,0.00000,0.00000,0.00000
test,article,test-gk-1143,seen,legal,gk,1.00000,1.00000,1.00000,1.00000
test,article,test-gk-1157,seen,legal,gk,1.00000,1.00000,1.00000,1.00000
test,article,test-gk-1144,seen,everyday,gk,0.63093,1.00000,1.00000,0.50000
test,article,test-gk-1221,seen,legal,gk,1.00000,1.00000,1.00000,1.00000
test,article,test-gk-123.1,seen,search,gk,0.63093,1.00000,1.00000,0.50000
test,article,test-gk-123.20-5,seen,search,gk,1.00000,1.00000,1.00000,1.00000
test,article,test-gk-123.11,seen,everyday,gk,1.00000,1.00000,1.00000,1.00000
test,article,test-gk-123.16-3,seen,everyday,gk,1.00000,1.00000,1.00000,1.00000
test,article,test-gk-1237,seen,search,gk,1.00000,1.00000,1.00000,1.00000
test,article,test-gk-1231,seen,legal,gk,1.00000,1.00000,1.00000,1.00000
test,article,test-gk-1236,seen,everyday,gk,0.00000,0.00000,0.00000,0.00000
test,article,test-gk-1241,seen,search,gk,1.00000,1.00000,1.00000,1.00000
test,article,test-gk-1278,seen,search,gk,1.00000,1.00000,1.00000,1.00000
test,article,test-gk-1276,seen,everyday,gk,0.63093,1.00000,1.00000,0.50000
test,article,test-gk-1287,seen,legal,gk,1.00000,1.00000,1.00000,1.00000
test,article,test-gk-1296,seen,legal,gk,1.00000,1.00000,1.00000,1.00000
test,article,test-gk-13,seen,legal,gk,1.00000,1.00000,1.00000,1.00000
test,article,test-gk-1300,seen,everyday,gk,0.43068,1.00000,1.00000,0.25000
test,article,test-gk-1321,seen,everyday,gk,0.50000,1.00000,1.00000,0.33333
test,article,test-gk-1328,seen,everyday,gk,0.00000,0.00000,0.00000,0.00000
test,article,test-gk-133.1,seen,legal,gk,1.00000,1.00000,1.00000,1.00000
test,article,test-gk-1331,seen,search,gk,1.00000,1.00000,1.00000,1.00000
test,article,test-gk-1357,seen,legal,gk,1.00000,1.00000,1.00000,1.00000
test,article,test-gk-1359,seen,everyday,gk,0.00000,0.00000,0.00000,0.00000
test,article,test-gk-1369,seen,everyday,gk,1.00000,1.00000,1.00000,1.00000
test,article,test-gk-1373,seen,legal,gk,0.43068,1.00000,1.00000,0.25000
test,article,test-gk-1398,seen,everyday,gk,0.35621,0.00000,1.00000,0.16667
test,article,test-gk-1418,seen,everyday,gk,0.00000,0.00000,0.00000,0.00000
test,article,test-gk-1447,seen,legal,gk,1.00000,1.00000,1.00000,1.00000
test,article,test-gk-1427,seen,legal,gk,0.63093,1.00000,1.00000,0.50000
test,article,test-gk-1471,seen,search,gk,1.00000,1.00000,1.00000,1.00000
test,article,test-gk-1474,seen,search,gk,1.00000,1.00000,1.00000,1.00000
test,article,test-gk-1483,seen,search,gk,1.00000,1.00000,1.00000,1.00000
test,article,test-gk-1494,seen,search,gk,1.00000,1.00000,1.00000,1.00000
test,article,test-gk-1501,seen,legal,gk,1.00000,1.00000,1.00000,1.00000
test,article,test-gk-1504,seen,legal,gk,0.63093,1.00000,1.00000,0.50000
test,article,test-gk-1496,seen,legal,gk,1.00000,1.00000,1.00000,1.00000
test,article,test-gk-1525,seen,legal,gk,1.00000,1.00000,1.00000,1.00000
test,article,test-gk-169,seen,search,gk,0.50000,1.00000,1.00000,0.33333
test,article,test-gk-1523,seen,everyday,gk,0.63093,1.00000,1.00000,0.50000
test,article,test-gk-177,seen,search,gk,1.00000,1.00000,1.00000,1.00000
test,article,test-gk-178,seen,search,gk,1.00000,1.00000,1.00000,1.00000
test,article,test-gk-181.3,seen,legal,gk,1.00000,1.00000,1.00000,1.00000
test,article,test-gk-188,seen,search,gk,1.00000,1.00000,1.00000,1.00000
test,article,test-gk-183,seen,legal,gk,0.63093,1.00000,1.00000,0.50000
test,article,test-gk-189,seen,search,gk,1.00000,1.00000,1.00000,1.00000
test,article,test-gk-199,seen,search,gk,0.63093,1.00000,1.00000,0.50000
test,article,test-gk-23,seen,legal,gk,0.63093,1.00000,1.00000,0.50000
test,article,test-gk-237,seen,everyday,gk,1.00000,1.00000,1.00000,1.00000
test,article,test-gk-239,seen,search,gk,0.63093,1.00000,1.00000,0.50000
test,article,test-gk-233,seen,everyday,gk,1.00000,1.00000,1.00000,1.00000
test,article,test-gk-239.2,seen,legal,gk,1.00000,1.00000,1.00000,1.00000
test,article,test-gk-264,seen,legal,gk,1.00000,1.00000,1.00000,1.00000
test,article,test-gk-274,seen,legal,gk,1.00000,1.00000,1.00000,1.00000
test,article,test-gk-287.5,seen,search,gk,1.00000,1.00000,1.00000,1.00000
test,article,test-gk-277,seen,everyday,gk,0.43068,1.00000,1.00000,0.25000
test,article,test-gk-284,seen,everyday,gk,1.00000,1.00000,1.00000,1.00000
test,article,test-gk-298,seen,everyday,gk,0.00000,0.00000,0.00000,0.00000
test,article,test-gk-299,seen,search,gk,0.28906,0.00000,1.00000,0.10000
test,article,test-gk-322,seen,search,gk,1.00000,1.00000,1.00000,1.00000
test,article,test-gk-308,seen,everyday,gk,0.00000,0.00000,0.00000,0.00000
test,article,test-gk-328,seen,everyday,gk,0.00000,0.00000,0.00000,0.00000
test,article,test-gk-333,seen,legal,gk,1.00000,1.00000,1.00000,1.00000
test,article,test-gk-354,seen,legal,gk,1.00000,1.00000,1.00000,1.00000
test,article,test-gk-358.14,seen,search,gk,1.00000,1.00000,1.00000,1.00000
test,article,test-gk-356,seen,legal,gk,1.00000,1.00000,1.00000,1.00000
test,article,test-gk-358.6,seen,search,gk,1.00000,1.00000,1.00000,1.00000
test,article,test-gk-360,seen,search,gk,1.00000,1.00000,1.00000,1.00000
test,article,test-gk-358.7,seen,legal,gk,1.00000,1.00000,1.00000,1.00000
test,article,test-gk-368,seen,search,gk,1.00000,1.00000,1.00000,1.00000
test,article,test-gk-37,seen,search,gk,1.00000,1.00000,1.00000,1.00000
test,article,test-gk-384,seen,search,gk,0.50000,1.00000,1.00000,0.33333
test,article,test-gk-392.3,seen,search,gk,1.00000,1.00000,1.00000,1.00000
test,article,test-gk-396,seen,legal,gk,1.00000,1.00000,1.00000,1.00000
test,article,test-gk-403,seen,legal,gk,1.00000,1.00000,1.00000,1.00000
test,article,test-gk-399,seen,everyday,gk,1.00000,1.00000,1.00000,1.00000
test,article,test-gk-42,seen,legal,gk,1.00000,1.00000,1.00000,1.00000
test,article,test-gk-406.1,seen,everyday,gk,1.00000,1.00000,1.00000,1.00000
test,article,test-gk-469,seen,search,gk,1.00000,1.00000,1.00000,1.00000
test,article,test-gk-45,seen,everyday,gk,1.00000,1.00000,1.00000,1.00000
test,article,test-gk-547,seen,search,gk,1.00000,1.00000,1.00000,1.00000
test,article,test-gk-542,seen,everyday,gk,0.63093,1.00000,1.00000,0.50000
test,article,test-gk-550,seen,legal,gk,1.00000,1.00000,1.00000,1.00000
test,article,test-gk-606,seen,search,gk,1.00000,1.00000,1.00000,1.00000
test,article,test-gk-57,seen,legal,gk,1.00000,1.00000,1.00000,1.00000
test,article,test-gk-610,seen,search,gk,1.00000,1.00000,1.00000,1.00000
test,article,test-gk-624,seen,search,gk,1.00000,1.00000,1.00000,1.00000
test,article,test-gk-638,seen,search,gk,1.00000,1.00000,1.00000,1.00000
test,article,test-gk-63,seen,everyday,gk,0.50000,1.00000,1.00000,0.33333
test,article,test-gk-636,seen,legal,gk,1.00000,1.00000,1.00000,1.00000
test,article,test-gk-64.2,seen,search,gk,1.00000,1.00000,1.00000,1.00000
test,article,test-gk-651,seen,search,gk,1.00000,1.00000,1.00000,1.00000
test,article,test-gk-65.3,seen,legal,gk,1.00000,1.00000,1.00000,1.00000
test,article,test-gk-67.1,seen,search,gk,1.00000,1.00000,1.00000,1.00000
test,article,test-gk-690,seen,search,gk,0.38685,1.00000,1.00000,0.20000
test,article,test-gk-692,seen,search,gk,1.00000,1.00000,1.00000,1.00000
test,article,test-gk-683,seen,legal,gk,1.00000,1.00000,1.00000,1.00000
test,article,test-gk-722,seen,legal,gk,1.00000,1.00000,1.00000,1.00000
test,article,test-gk-695,seen,everyday,gk,1.00000,1.00000,1.00000,1.00000
test,article,test-gk-745,seen,everyday,gk,1.00000,1.00000,1.00000,1.00000
test,article,test-gk-763,seen,legal,gk,0.63093,1.00000,1.00000,0.50000
test,article,test-gk-747,seen,everyday,gk,0.50000,1.00000,1.00000,0.33333
test,article,test-gk-777,seen,search,gk,1.00000,1.00000,1.00000,1.00000
test,article,test-gk-818,seen,everyday,gk,1.00000,1.00000,1.00000,1.00000
test,article,test-gk-808,seen,legal,gk,1.00000,1.00000,1.00000,1.00000
test,article,test-gk-782,seen,everyday,gk,0.63093,1.00000,1.00000,0.50000
test,article,test-gk-858,seen,search,gk,1.00000,1.00000,1.00000,1.00000
test,article,test-gk-846,seen,everyday,gk,0.63093,1.00000,1.00000,0.50000
test,article,test-gk-860.11,seen,everyday,gk,0.50000,1.00000,1.00000,0.33333
test,article,test-gk-860.13,seen,search,gk,1.00000,1.00000,1.00000,1.00000
test,article,test-gk-860.5,seen,search,gk,1.00000,1.00000,1.00000,1.00000
test,article,test-gk-864,seen,search,gk,0.63093,1.00000,1.00000,0.50000
test,article,test-gk-860.14,seen,legal,gk,1.00000,1.00000,1.00000,1.00000
test,article,test-gk-88,seen,search,gk,1.00000,1.00000,1.00000,1.00000
test,article,test-gk-883,seen,search,gk,1.00000,1.00000,1.00000,1.00000
test,article,test-gk-866,seen,search,gk,1.00000,1.00000,1.00000,1.00000
test,article,test-gk-889,seen,legal,gk,0.63093,1.00000,1.00000,0.50000
test,article,test-gk-907,seen,legal,gk,1.00000,1.00000,1.00000,1.00000
test,article,test-gk-899,seen,everyday,gk,1.00000,1.00000,1.00000,1.00000
test,article,test-gk-920,seen,search,gk,1.00000,1.00000,1.00000,1.00000
test,article,test-gk-935,seen,search,gk,1.00000,1.00000,1.00000,1.00000
test,article,test-gk-93,seen,legal,gk,1.00000,1.00000,1.00000,1.00000
test,article,test-gk-926.3,seen,legal,gk,1.00000,1.00000,1.00000,1.00000
test,article,test-gk-96,seen,search,gk,1.00000,1.00000,1.00000,1.00000
test,article,test-gk-960,seen,everyday,gk,1.00000,1.00000,1.00000,1.00000
test,article,test-gk-990,seen,legal,gk,1.00000,1.00000,1.00000,1.00000
test,article,test-gk-978,seen,everyday,gk,1.00000,1.00000,1.00000,1.00000
test,article,test-gk-994,seen,search,gk,1.00000,1.00000,1.00000,1.00000
test,article,test-gk-995,seen,search,gk,1.00000,1.00000,1.00000,1.00000
test,article,test-koap-1.8,seen,search,koap,0.63093,1.00000,1.00000,0.50000
test,article,test-koap-11.13,seen,legal,koap,1.00000,1.00000,1.00000,1.00000
test,article,test-koap-11.4,seen,search,koap,1.00000,1.00000,1.00000,1.00000
test,article,test-koap-11.6.1,seen,legal,koap,1.00000,1.00000,1.00000,1.00000
test,article,test-koap-12.21.3,seen,search,koap,1.00000,1.00000,1.00000,1.00000
test,article,test-koap-12.30,seen,legal,koap,1.00000,1.00000,1.00000,1.00000
test,article,test-koap-12.4,seen,search,koap,1.00000,1.00000,1.00000,1.00000
test,article,test-koap-13.15,seen,search,koap,0.43068,1.00000,1.00000,0.25000
test,article,test-koap-13.23,seen,legal,koap,0.38685,1.00000,1.00000,0.20000
test,article,test-koap-13.44,seen,legal,koap,1.00000,1.00000,1.00000,1.00000
test,article,test-koap-13.33.1,seen,everyday,koap,0.63093,1.00000,1.00000,0.50000
test,article,test-koap-13.56,seen,search,koap,0.00000,0.00000,0.00000,0.00000
test,article,test-koap-13.45,seen,everyday,koap,0.63093,1.00000,1.00000,0.50000
test,article,test-koap-14.13,seen,legal,koap,1.00000,1.00000,1.00000,1.00000
test,article,test-koap-14.17.3,seen,search,koap,1.00000,1.00000,1.00000,1.00000
test,article,test-koap-14.33,seen,search,koap,1.00000,1.00000,1.00000,1.00000
test,article,test-koap-14.38,seen,search,koap,1.00000,1.00000,1.00000,1.00000
test,article,test-koap-14.46.2,seen,legal,koap,1.00000,1.00000,1.00000,1.00000
test,article,test-koap-14.56.1,seen,legal,koap,1.00000,1.00000,1.00000,1.00000
test,article,test-koap-14.52,seen,everyday,koap,1.00000,1.00000,1.00000,1.00000
test,article,test-koap-15.11,seen,everyday,koap,1.00000,1.00000,1.00000,1.00000
test,article,test-koap-15.15,seen,everyday,koap,1.00000,1.00000,1.00000,1.00000
test,article,test-koap-15.27.3,seen,legal,koap,1.00000,1.00000,1.00000,1.00000
test,article,test-koap-16.16,seen,search,koap,1.00000,1.00000,1.00000,1.00000
test,article,test-koap-16.1,seen,everyday,koap,0.00000,0.00000,0.00000,0.00000
test,article,test-koap-16.21,seen,search,koap,0.63093,1.00000,1.00000,0.50000
test,article,test-koap-19.27,seen,legal,koap,1.00000,1.00000,1.00000,1.00000
test,article,test-koap-17.13,seen,everyday,koap,0.00000,0.00000,0.00000,0.00000
test,article,test-koap-19.4.2,seen,everyday,koap,1.00000,1.00000,1.00000,1.00000
test,article,test-koap-19.7.11,seen,legal,koap,1.00000,1.00000,1.00000,1.00000
test,article,test-koap-19.8,seen,search,koap,0.50000,1.00000,1.00000,0.33333
test,article,test-koap-20.13,seen,search,koap,1.00000,1.00000,1.00000,1.00000
test,article,test-koap-20.14,seen,everyday,koap,0.63093,1.00000,1.00000,0.50000
test,article,test-koap-19.8.2,seen,everyday,koap,1.00000,1.00000,1.00000,1.00000
test,article,test-koap-20.17,seen,everyday,koap,0.63093,1.00000,1.00000,0.50000
test,article,test-koap-20.25,seen,search,koap,1.00000,1.00000,1.00000,1.00000
test,article,test-koap-20.24,seen,everyday,koap,1.00000,1.00000,1.00000,1.00000
test,article,test-koap-20.3.4,seen,everyday,koap,1.00000,1.00000,1.00000,1.00000
test,article,test-koap-20.3.3,seen,everyday,koap,1.00000,1.00000,1.00000,1.00000
test,article,test-koap-20.5.1,seen,everyday,koap,1.00000,1.00000,1.00000,1.00000
test,article,test-koap-23.15,seen,legal,koap,1.00000,1.00000,1.00000,1.00000
test,article,test-koap-20.6.1,seen,everyday,koap,0.00000,0.00000,0.00000,0.00000
test,article,test-koap-23.34,seen,everyday,koap,1.00000,1.00000,1.00000,1.00000
test,article,test-koap-23.26.1,seen,everyday,koap,1.00000,1.00000,1.00000,1.00000
test,article,test-koap-23.36.2,seen,everyday,koap,1.00000,1.00000,1.00000,1.00000
test,article,test-koap-23.42,seen,legal,koap,1.00000,1.00000,1.00000,1.00000
test,article,test-koap-23.55,seen,everyday,koap,1.00000,1.00000,1.00000,1.00000
test,article,test-koap-23.88,seen,search,koap,1.00000,1.00000,1.00000,1.00000
test,article,test-koap-23.86,seen,legal,koap,1.00000,1.00000,1.00000,1.00000
test,article,test-koap-27.14,seen,search,koap,1.00000,1.00000,1.00000,1.00000
test,article,test-koap-26.1,seen,legal,koap,1.00000,1.00000,1.00000,1.00000
test,article,test-koap-24.4,seen,everyday,koap,0.33333,0.00000,1.00000,0.14286
test,article,test-koap-27.15,seen,search,koap,1.00000,1.00000,1.00000,1.00000
test,article,test-koap-28.10,seen,search,koap,0.43068,1.00000,1.00000,0.25000
test,article,test-koap-28.5,seen,legal,koap,1.00000,1.00000,1.00000,1.00000
test,article,test-koap-27.20,seen,everyday,koap,0.38685,1.00000,1.00000,0.20000
test,article,test-koap-29.6,seen,search,koap,1.00000,1.00000,1.00000,1.00000
test,article,test-koap-3.4,seen,search,koap,1.00000,1.00000,1.00000,1.00000
test,article,test-koap-29.9,seen,everyday,koap,0.00000,0.00000,0.00000,0.00000
test,article,test-koap-3.13,seen,everyday,koap,0.31546,0.00000,1.00000,0.12500
test,article,test-koap-30.12,seen,everyday,koap,1.00000,1.00000,1.00000,1.00000
test,article,test-koap-30.15,seen,legal,koap,0.00000,0.00000,0.00000,0.00000
test,article,test-koap-31.10,seen,legal,koap,1.00000,1.00000,1.00000,1.00000
test,article,test-koap-31.8,seen,legal,koap,1.00000,1.00000,1.00000,1.00000
test,article,test-koap-31.7,seen,everyday,koap,0.50000,1.00000,1.00000,0.33333
test,article,test-koap-4.6,seen,everyday,koap,1.00000,1.00000,1.00000,1.00000
test,article,test-koap-5.27.2,seen,legal,koap,1.00000,1.00000,1.00000,1.00000
test,article,test-koap-4.7,seen,everyday,koap,0.28906,0.00000,1.00000,0.10000
test,article,test-koap-5.41,seen,search,koap,1.00000,1.00000,1.00000,1.00000
test,article,test-koap-5.40,seen,everyday,koap,1.00000,1.00000,1.00000,1.00000
test,article,test-koap-5.61.1,seen,search,koap,1.00000,1.00000,1.00000,1.00000
test,article,test-koap-5.46,seen,legal,koap,1.00000,1.00000,1.00000,1.00000
test,article,test-koap-5.8,seen,search,koap,0.38685,1.00000,1.00000,0.20000
test,article,test-koap-5.63,seen,everyday,koap,0.30103,0.00000,1.00000,0.11111
test,article,test-koap-6.21,seen,everyday,koap,0.35621,0.00000,1.00000,0.16667
test,article,test-koap-6.23,seen,legal,koap,1.00000,1.00000,1.00000,1.00000
test,article,test-koap-6.3.1,seen,search,koap,1.00000,1.00000,1.00000,1.00000
test,article,test-koap-6.28,seen,legal,koap,1.00000,1.00000,1.00000,1.00000
test,article,test-koap-7.12,seen,legal,koap,0.50000,1.00000,1.00000,0.33333
test,article,test-koap-6.9,seen,legal,koap,1.00000,1.00000,1.00000,1.00000
test,article,test-koap-6.32,seen,everyday,koap,1.00000,1.00000,1.00000,1.00000
test,article,test-koap-7.20,seen,legal,koap,1.00000,1.00000,1.00000,1.00000
test,article,test-koap-7.32.6,seen,legal,koap,1.00000,1.00000,1.00000,1.00000
test,article,test-koap-7.35,seen,search,koap,1.00000,1.00000,1.00000,1.00000
test,article,test-koap-8.14,seen,legal,koap,1.00000,1.00000,1.00000,1.00000
test,article,test-koap-8.28,seen,everyday,koap,1.00000,1.00000,1.00000,1.00000
test,article,test-koap-8.34,seen,everyday,koap,1.00000,1.00000,1.00000,1.00000
test,article,test-koap-8.47,seen,search,koap,1.00000,1.00000,1.00000,1.00000
test,article,test-tk-130,seen,legal,tk,0.63093,1.00000,1.00000,0.50000
test,article,test-tk-131,seen,legal,tk,1.00000,1.00000,1.00000,1.00000
test,article,test-koap-9.7,seen,everyday,koap,1.00000,1.00000,1.00000,1.00000
test,article,test-tk-14,seen,search,tk,1.00000,1.00000,1.00000,1.00000
test,article,test-tk-173,seen,legal,tk,1.00000,1.00000,1.00000,1.00000
test,article,test-tk-138,seen,everyday,tk,1.00000,1.00000,1.00000,1.00000
test,article,test-tk-18,seen,legal,tk,1.00000,1.00000,1.00000,1.00000
test,article,test-tk-180,seen,legal,tk,1.00000,1.00000,1.00000,1.00000
test,article,test-tk-209.1,seen,legal,tk,0.63093,1.00000,1.00000,0.50000
test,article,test-tk-214.2,seen,search,tk,1.00000,1.00000,1.00000,1.00000
test,article,test-tk-203,seen,everyday,tk,0.63093,1.00000,1.00000,0.50000
test,article,test-tk-216,seen,legal,tk,0.50000,1.00000,1.00000,0.33333
test,article,test-tk-219,seen,legal,tk,1.00000,1.00000,1.00000,1.00000
test,article,test-tk-216.2,seen,legal,tk,1.00000,1.00000,1.00000,1.00000
test,article,test-tk-222,seen,everyday,tk,1.00000,1.00000,1.00000,1.00000
test,article,test-tk-229,seen,legal,tk,1.00000,1.00000,1.00000,1.00000
test,article,test-tk-229.1,seen,everyday,tk,1.00000,1.00000,1.00000,1.00000
test,article,test-tk-229.2,seen,search,tk,1.00000,1.00000,1.00000,1.00000
test,article,test-tk-231,seen,search,tk,0.00000,0.00000,0.00000,0.00000
test,article,test-tk-253,seen,search,tk,1.00000,1.00000,1.00000,1.00000
test,article,test-tk-248,seen,legal,tk,1.00000,1.00000,1.00000,1.00000
test,article,test-tk-255,seen,legal,tk,1.00000,1.00000,1.00000,1.00000
test,article,test-tk-278,seen,search,tk,1.00000,1.00000,1.00000,1.00000
test,article,test-tk-296,seen,search,tk,1.00000,1.00000,1.00000,1.00000
test,article,test-tk-290,seen,legal,tk,1.00000,1.00000,1.00000,1.00000
test,article,test-tk-312.2,seen,search,tk,1.00000,1.00000,1.00000,1.00000
test,article,test-tk-314,seen,search,tk,1.00000,1.00000,1.00000,1.00000
test,article,test-tk-308,seen,everyday,tk,1.00000,1.00000,1.00000,1.00000
test,article,test-tk-324,seen,search,tk,1.00000,1.00000,1.00000,1.00000
test,article,test-tk-319,seen,legal,tk,1.00000,1.00000,1.00000,1.00000
test,article,test-tk-338,seen,search,tk,1.00000,1.00000,1.00000,1.00000
test,article,test-tk-331,seen,everyday,tk,1.00000,1.00000,1.00000,1.00000
test,article,test-tk-350,seen,search,tk,0.63093,1.00000,1.00000,0.50000
test,article,test-tk-339,seen,legal,tk,1.00000,1.00000,1.00000,1.00000
test,article,test-tk-351.7,seen,legal,tk,1.00000,1.00000,1.00000,1.00000
test,article,test-tk-378,seen,legal,tk,1.00000,1.00000,1.00000,1.00000
test,article,test-tk-39,seen,search,tk,1.00000,1.00000,1.00000,1.00000
test,article,test-tk-386,seen,search,tk,1.00000,1.00000,1.00000,1.00000
test,article,test-tk-407,seen,legal,tk,1.00000,1.00000,1.00000,1.00000
test,article,test-tk-415,seen,everyday,tk,0.31546,0.00000,1.00000,0.12500
test,article,test-tk-403,seen,legal,tk,1.00000,1.00000,1.00000,1.00000
test,article,test-tk-74,seen,search,tk,0.63093,1.00000,1.00000,0.50000
test,article,test-tk-66.1,seen,legal,tk,1.00000,1.00000,1.00000,1.00000
test,article,test-zhk-104,seen,legal,zhk,1.00000,1.00000,1.00000,1.00000
test,article,test-tk-92,seen,everyday,tk,1.00000,1.00000,1.00000,1.00000
test,article,test-zhk-100,seen,everyday,zhk,0.00000,0.00000,0.00000,0.00000
test,article,test-zhk-174,seen,search,zhk,1.00000,1.00000,1.00000,1.00000
test,article,test-zhk-185,seen,legal,zhk,1.00000,1.00000,1.00000,1.00000
test,article,test-zhk-191,seen,legal,zhk,1.00000,1.00000,1.00000,1.00000
test,article,test-zhk-193,seen,legal,zhk,1.00000,1.00000,1.00000,1.00000
test,article,test-zhk-200,seen,everyday,zhk,0.31546,0.00000,1.00000,0.12500
test,article,test-zhk-33,seen,everyday,zhk,1.00000,1.00000,1.00000,1.00000
test,article,test-zhk-46,seen,everyday,zhk,0.63093,1.00000,1.00000,0.50000
test,article,test-zhk-47.1,seen,everyday,zhk,0.50000,1.00000,1.00000,0.33333
test,article,test-zhk-55,seen,everyday,zhk,1.00000,1.00000,1.00000,1.00000
test,article,test-zhk-57,seen,everyday,zhk,1.00000,1.00000,1.00000,1.00000
test,article,test-zhk-62,seen,search,zhk,0.63093,1.00000,1.00000,0.50000
test,article,test-zhk-91.10,seen,everyday,zhk,0.38685,1.00000,1.00000,0.20000
test,article,test-zhk-85,seen,everyday,zhk,1.00000,1.00000,1.00000,1.00000
test,article,test-zhk-91.14,seen,everyday,zhk,1.00000,1.00000,1.00000,1.00000
test,article,test-zhk-91.16,seen,everyday,zhk,1.00000,1.00000,1.00000,1.00000
test,article,test-zhk-91.19,seen,everyday,zhk,1.00000,1.00000,1.00000,1.00000
test,article,test-zhk-91.20,seen,everyday,zhk,1.00000,1.00000,1.00000,1.00000
test,article,test-gk-1019,unseen_articles,legal,gk,1.00000,1.00000,1.00000,1.00000
test,article,test-zhk-91.9,seen,everyday,zhk,1.00000,1.00000,1.00000,1.00000
test,article,test-gk-1045,unseen_articles,legal,gk,0.00000,0.00000,0.00000,0.00000
test,article,test-gk-1048,unseen_articles,legal,gk,1.00000,1.00000,1.00000,1.00000
test,article,test-gk-1055,unseen_articles,legal,gk,1.00000,1.00000,1.00000,1.00000
test,article,test-gk-1076,unseen_articles,search,gk,0.63093,1.00000,1.00000,0.50000
test,article,test-gk-1081,unseen_articles,legal,gk,0.00000,0.00000,0.00000,0.00000
test,article,test-gk-1084,unseen_articles,legal,gk,1.00000,1.00000,1.00000,1.00000
test,article,test-gk-1059,unseen_articles,everyday,gk,1.00000,1.00000,1.00000,1.00000
test,article,test-gk-1101,unseen_articles,everyday,gk,1.00000,1.00000,1.00000,1.00000
test,article,test-gk-1129,unseen_articles,legal,gk,1.00000,1.00000,1.00000,1.00000
test,article,test-gk-1117,unseen_articles,everyday,gk,0.50000,1.00000,1.00000,0.33333
test,article,test-gk-1132,unseen_articles,legal,gk,1.00000,1.00000,1.00000,1.00000
test,article,test-gk-1147,unseen_articles,search,gk,1.00000,1.00000,1.00000,1.00000
test,article,test-gk-1145,unseen_articles,legal,gk,1.00000,1.00000,1.00000,1.00000
test,article,test-gk-1162,unseen_articles,search,gk,1.00000,1.00000,1.00000,1.00000
test,article,test-gk-1170,unseen_articles,search,gk,1.00000,1.00000,1.00000,1.00000
test,article,test-gk-1175,unseen_articles,search,gk,1.00000,1.00000,1.00000,1.00000
test,article,test-gk-1190,unseen_articles,legal,gk,1.00000,1.00000,1.00000,1.00000
test,article,test-gk-1216,unseen_articles,legal,gk,1.00000,1.00000,1.00000,1.00000
test,article,test-gk-1182,unseen_articles,everyday,gk,1.00000,1.00000,1.00000,1.00000
test,article,test-gk-123.4,unseen_articles,search,gk,1.00000,1.00000,1.00000,1.00000
test,article,test-gk-1247,unseen_articles,search,gk,1.00000,1.00000,1.00000,1.00000
test,article,test-gk-1251,unseen_articles,legal,gk,1.00000,1.00000,1.00000,1.00000
test,article,test-gk-1258,unseen_articles,search,gk,1.00000,1.00000,1.00000,1.00000
test,article,test-gk-1254,unseen_articles,legal,gk,1.00000,1.00000,1.00000,1.00000
test,article,test-gk-1313,unseen_articles,everyday,gk,1.00000,1.00000,1.00000,1.00000
test,article,test-gk-1326,unseen_articles,legal,gk,1.00000,1.00000,1.00000,1.00000
test,article,test-gk-135,unseen_articles,everyday,gk,0.00000,0.00000,0.00000,0.00000
test,article,test-gk-136,unseen_articles,legal,gk,1.00000,1.00000,1.00000,1.00000
test,article,test-gk-1354,unseen_articles,everyday,gk,1.00000,1.00000,1.00000,1.00000
test,article,test-gk-1368,unseen_articles,search,gk,1.00000,1.00000,1.00000,1.00000
test,article,test-gk-1362,unseen_articles,legal,gk,1.00000,1.00000,1.00000,1.00000
test,article,test-gk-1376,unseen_articles,everyday,gk,1.00000,1.00000,1.00000,1.00000
test,article,test-gk-1386,unseen_articles,everyday,gk,0.33333,0.00000,1.00000,0.14286
test,article,test-gk-1415,unseen_articles,search,gk,1.00000,1.00000,1.00000,1.00000
test,article,test-gk-1436,unseen_articles,everyday,gk,0.50000,1.00000,1.00000,0.33333
test,article,test-gk-1439,unseen_articles,everyday,gk,1.00000,1.00000,1.00000,1.00000
test,article,test-gk-144,unseen_articles,legal,gk,1.00000,1.00000,1.00000,1.00000
test,article,test-gk-1443,unseen_articles,everyday,gk,0.63093,1.00000,1.00000,0.50000
test,article,test-gk-1449,unseen_articles,legal,gk,1.00000,1.00000,1.00000,1.00000
test,article,test-gk-1445,unseen_articles,everyday,gk,1.00000,1.00000,1.00000,1.00000
test,article,test-gk-1459,unseen_articles,search,gk,1.00000,1.00000,1.00000,1.00000
test,article,test-gk-149.4,unseen_articles,legal,gk,0.63093,1.00000,1.00000,0.50000
test,article,test-gk-1484,unseen_articles,everyday,gk,0.31546,0.00000,1.00000,0.12500
test,article,test-gk-174,unseen_articles,search,gk,1.00000,1.00000,1.00000,1.00000
test,article,test-gk-18,unseen_articles,search,gk,0.38685,1.00000,1.00000,0.20000
test,article,test-gk-1526,unseen_articles,everyday,gk,0.63093,1.00000,1.00000,0.50000
test,article,test-gk-200,unseen_articles,legal,gk,0.63093,1.00000,1.00000,0.50000
test,article,test-gk-212,unseen_articles,everyday,gk,1.00000,1.00000,1.00000,1.00000
test,article,test-gk-213,unseen_articles,legal,gk,1.00000,1.00000,1.00000,1.00000
test,article,test-gk-208,unseen_articles,everyday,gk,0.00000,0.00000,0.00000,0.00000
test,article,test-gk-229,unseen_articles,search,gk,1.00000,1.00000,1.00000,1.00000
test,article,test-gk-219,unseen_articles,everyday,gk,0.38685,1.00000,1.00000,0.20000
test,article,test-gk-245,unseen_articles,legal,gk,1.00000,1.00000,1.00000,1.00000
test,article,test-gk-242,unseen_articles,everyday,gk,1.00000,1.00000,1.00000,1.00000
test,article,test-gk-248,unseen_articles,search,gk,1.00000,1.00000,1.00000,1.00000
test,article,test-gk-31,unseen_articles,search,gk,0.38685,1.00000,1.00000,0.20000
test,article,test-gk-310,unseen_articles,search,gk,0.63093,1.00000,1.00000,0.50000
test,article,test-gk-281,unseen_articles,everyday,gk,1.00000,1.00000,1.00000,1.00000
test,article,test-gk-350.2,unseen_articles,search,gk,0.00000,0.00000,0.00000,0.00000
test,article,test-gk-358.10,unseen_articles,search,gk,0.63093,1.00000,1.00000,0.50000
test,article,test-gk-370,unseen_articles,search,gk,0.63093,1.00000,1.00000,0.50000
test,article,test-gk-419,unseen_articles,search,gk,1.00000,1.00000,1.00000,1.00000
test,article,test-gk-408,unseen_articles,everyday,gk,0.63093,1.00000,1.00000,0.50000
test,article,test-gk-432,unseen_articles,legal,gk,1.00000,1.00000,1.00000,1.00000
test,article,test-gk-466,unseen_articles,legal,gk,1.00000,1.00000,1.00000,1.00000
test,article,test-gk-429.1,unseen_articles,everyday,gk,0.00000,0.00000,0.00000,0.00000
test,article,test-gk-480,unseen_articles,search,gk,0.50000,1.00000,1.00000,0.33333
test,article,test-gk-484,unseen_articles,everyday,gk,1.00000,1.00000,1.00000,1.00000
test,article,test-gk-51,unseen_articles,everyday,gk,0.50000,1.00000,1.00000,0.33333
test,article,test-gk-524,unseen_articles,search,gk,1.00000,1.00000,1.00000,1.00000
test,article,test-gk-507,unseen_articles,everyday,gk,0.38685,1.00000,1.00000,0.20000
test,article,test-gk-567,unseen_articles,legal,gk,0.50000,1.00000,1.00000,0.33333
test,article,test-gk-552,unseen_articles,everyday,gk,1.00000,1.00000,1.00000,1.00000
test,article,test-gk-565,unseen_articles,everyday,gk,1.00000,1.00000,1.00000,1.00000
test,article,test-gk-599,unseen_articles,search,gk,0.63093,1.00000,1.00000,0.50000
test,article,test-gk-588,unseen_articles,everyday,gk,1.00000,1.00000,1.00000,1.00000
test,article,test-gk-61,unseen_articles,search,gk,1.00000,1.00000,1.00000,1.00000
test,article,test-gk-627,unseen_articles,search,gk,1.00000,1.00000,1.00000,1.00000
test,article,test-gk-60.2,unseen_articles,legal,gk,1.00000,1.00000,1.00000,1.00000
test,article,test-gk-644,unseen_articles,everyday,gk,0.63093,1.00000,1.00000,0.50000
test,article,test-gk-642,unseen_articles,everyday,gk,1.00000,1.00000,1.00000,1.00000
test,article,test-gk-653,unseen_articles,legal,gk,1.00000,1.00000,1.00000,1.00000
test,article,test-gk-654,unseen_articles,legal,gk,1.00000,1.00000,1.00000,1.00000
test,article,test-gk-675,unseen_articles,search,gk,0.50000,1.00000,1.00000,0.33333
test,article,test-gk-66.2,unseen_articles,everyday,gk,1.00000,1.00000,1.00000,1.00000
test,article,test-gk-672,unseen_articles,everyday,gk,0.50000,1.00000,1.00000,0.33333
test,article,test-gk-724,unseen_articles,search,gk,1.00000,1.00000,1.00000,1.00000
test,article,test-gk-712,unseen_articles,everyday,gk,0.63093,1.00000,1.00000,0.50000
test,article,test-gk-731,unseen_articles,legal,gk,0.00000,0.00000,0.00000,0.00000
test,article,test-gk-737,unseen_articles,legal,gk,1.00000,1.00000,1.00000,1.00000
test,article,test-gk-746,unseen_articles,legal,gk,0.38685,1.00000,1.00000,0.20000
test,article,test-gk-770,unseen_articles,search,gk,0.00000,0.00000,0.00000,0.00000
test,article,test-gk-74,unseen_articles,everyday,gk,1.00000,1.00000,1.00000,1.00000
test,article,test-gk-776,unseen_articles,search,gk,1.00000,1.00000,1.00000,1.00000
test,article,test-gk-771,unseen_articles,everyday,gk,0.50000,1.00000,1.00000,0.33333
test,article,test-gk-841,unseen_articles,search,gk,1.00000,1.00000,1.00000,1.00000
test,article,test-gk-804,unseen_articles,everyday,gk,1.00000,1.00000,1.00000,1.00000
test,article,test-gk-849,unseen_articles,search,gk,1.00000,1.00000,1.00000,1.00000
test,article,test-gk-852,unseen_articles,search,gk,1.00000,1.00000,1.00000,1.00000
test,article,test-gk-860.15,unseen_articles,search,gk,1.00000,1.00000,1.00000,1.00000
test,article,test-gk-867,unseen_articles,search,gk,1.00000,1.00000,1.00000,1.00000
test,article,test-gk-89,unseen_articles,search,gk,1.00000,1.00000,1.00000,1.00000
test,article,test-gk-860.8,unseen_articles,legal,gk,1.00000,1.00000,1.00000,1.00000
test,article,test-gk-92,unseen_articles,search,gk,1.00000,1.00000,1.00000,1.00000
test,article,test-gk-982,unseen_articles,everyday,gk,0.00000,0.00000,0.00000,0.00000
test,article,test-koap-1.4,unseen_articles,legal,koap,1.00000,1.00000,1.00000,1.00000
test,article,test-gk-991,unseen_articles,everyday,gk,0.00000,0.00000,0.00000,0.00000
test,article,test-koap-11.20,unseen_articles,legal,koap,1.00000,1.00000,1.00000,1.00000
test,article,test-koap-13.13,unseen_articles,legal,koap,1.00000,1.00000,1.00000,1.00000
test,article,test-koap-10.14,unseen_articles,everyday,koap,1.00000,1.00000,1.00000,1.00000
test,article,test-koap-13.14.1,unseen_articles,legal,koap,1.00000,1.00000,1.00000,1.00000
test,article,test-koap-13.22,unseen_articles,legal,koap,1.00000,1.00000,1.00000,1.00000
test,article,test-koap-13.39,unseen_articles,everyday,koap,1.00000,1.00000,1.00000,1.00000
test,article,test-koap-13.25,unseen_articles,everyday,koap,1.00000,1.00000,1.00000,1.00000
test,article,test-koap-13.49,unseen_articles,legal,koap,1.00000,1.00000,1.00000,1.00000
test,article,test-koap-14.15,unseen_articles,search,koap,1.00000,1.00000,1.00000,1.00000
test,article,test-koap-14.16,unseen_articles,search,koap,0.50000,1.00000,1.00000,0.33333
test,article,test-koap-14.15.3,unseen_articles,legal,koap,1.00000,1.00000,1.00000,1.00000
test,article,test-koap-14.35,unseen_articles,search,koap,0.00000,0.00000,0.00000,0.00000
test,article,test-koap-14.46.1,unseen_articles,search,koap,1.00000,1.00000,1.00000,1.00000
test,article,test-koap-14.27,unseen_articles,everyday,koap,1.00000,1.00000,1.00000,1.00000
test,article,test-koap-14.57,unseen_articles,everyday,koap,1.00000,1.00000,1.00000,1.00000
test,article,test-koap-14.64,unseen_articles,legal,koap,1.00000,1.00000,1.00000,1.00000
test,article,test-koap-15.23.1,unseen_articles,search,koap,1.00000,1.00000,1.00000,1.00000
test,article,test-koap-15.35,unseen_articles,legal,koap,1.00000,1.00000,1.00000,1.00000
test,article,test-koap-15.26,unseen_articles,everyday,koap,1.00000,1.00000,1.00000,1.00000
test,article,test-koap-15.30,unseen_articles,everyday,koap,1.00000,1.00000,1.00000,1.00000
test,article,test-koap-17.3,unseen_articles,search,koap,1.00000,1.00000,1.00000,1.00000
test,article,test-koap-17.17,unseen_articles,legal,koap,1.00000,1.00000,1.00000,1.00000
test,article,test-koap-18.2,unseen_articles,legal,koap,1.00000,1.00000,1.00000,1.00000
test,article,test-koap-17.2,unseen_articles,everyday,koap,0.63093,1.00000,1.00000,0.50000
test,article,test-koap-18.16,unseen_articles,everyday,koap,1.00000,1.00000,1.00000,1.00000
test,article,test-koap-19.4.1,unseen_articles,search,koap,0.35621,0.00000,1.00000,0.16667
test,article,test-koap-19.22,unseen_articles,everyday,koap,0.63093,1.00000,1.00000,0.50000
test,article,test-koap-19.7,unseen_articles,legal,koap,1.00000,1.00000,1.00000,1.00000
test,article,test-koap-19.7.8,unseen_articles,search,koap,1.00000,1.00000,1.00000,1.00000
test,article,test-koap-2.9.1,unseen_articles,legal,koap,1.00000,1.00000,1.00000,1.00000
test,article,test-koap-2.8,unseen_articles,everyday,koap,0.63093,1.00000,1.00000,0.50000
test,article,test-koap-2.1,unseen_articles,everyday,koap,0.00000,0.00000,0.00000,0.00000
test,article,test-koap-20.33,unseen_articles,search,koap,1.00000,1.00000,1.00000,1.00000
test,article,test-koap-20.30,unseen_articles,legal,koap,1.00000,1.00000,1.00000,1.00000
test,article,test-koap-20.34,unseen_articles,legal,koap,1.00000,1.00000,1.00000,1.00000
test,article,test-koap-23.56,unseen_articles,legal,koap,1.00000,1.00000,1.00000,1.00000
test,article,test-koap-23.14,unseen_articles,legal,koap,1.00000,1.00000,1.00000,1.00000
test,article,test-koap-25.5.1,unseen_articles,search,koap,1.00000,1.00000,1.00000,1.00000
test,article,test-koap-27.11,unseen_articles,search,koap,1.00000,1.00000,1.00000,1.00000
test,article,test-koap-24.8,unseen_articles,everyday,koap,1.00000,1.00000,1.00000,1.00000
test,article,test-koap-28.8,unseen_articles,legal,koap,1.00000,1.00000,1.00000,1.00000
test,article,test-koap-30.1,unseen_articles,everyday,koap,0.63093,1.00000,1.00000,0.50000
test,article,test-koap-30.10,unseen_articles,everyday,koap,0.63093,1.00000,1.00000,0.50000
test,article,test-koap-32.14,unseen_articles,legal,koap,1.00000,1.00000,1.00000,1.00000
test,article,test-koap-5.12,unseen_articles,search,koap,1.00000,1.00000,1.00000,1.00000
test,article,test-koap-30.4,unseen_articles,everyday,koap,1.00000,1.00000,1.00000,1.00000
test,article,test-koap-5.15,unseen_articles,search,koap,1.00000,1.00000,1.00000,1.00000
test,article,test-koap-5.3,unseen_articles,search,koap,1.00000,1.00000,1.00000,1.00000
test,article,test-koap-5.24,unseen_articles,legal,koap,1.00000,1.00000,1.00000,1.00000
test,article,test-koap-5.50,unseen_articles,search,koap,0.63093,1.00000,1.00000,0.50000
test,article,test-koap-5.54,unseen_articles,search,koap,1.00000,1.00000,1.00000,1.00000
test,article,test-koap-5.53,unseen_articles,legal,koap,1.00000,1.00000,1.00000,1.00000
test,article,test-koap-6.4,unseen_articles,search,koap,1.00000,1.00000,1.00000,1.00000
test,article,test-koap-6.16,unseen_articles,everyday,koap,0.63093,1.00000,1.00000,0.50000
test,article,test-koap-6.22,unseen_articles,everyday,koap,1.00000,1.00000,1.00000,1.00000
test,article,test-koap-7.27.1,unseen_articles,search,koap,1.00000,1.00000,1.00000,1.00000
test,article,test-koap-7.7,unseen_articles,legal,koap,1.00000,1.00000,1.00000,1.00000
test,article,test-koap-8.18,unseen_articles,search,koap,1.00000,1.00000,1.00000,1.00000
test,article,test-koap-8.25,unseen_articles,everyday,koap,0.63093,1.00000,1.00000,0.50000
test,article,test-koap-8.23,unseen_articles,everyday,koap,0.38685,1.00000,1.00000,0.20000
test,article,test-koap-8.28.1,unseen_articles,everyday,koap,1.00000,1.00000,1.00000,1.00000
test,article,test-koap-8.54,unseen_articles,legal,koap,1.00000,1.00000,1.00000,1.00000
test,article,test-koap-9.16,unseen_articles,legal,koap,1.00000,1.00000,1.00000,1.00000
test,article,test-tk-150,unseen_articles,search,tk,1.00000,1.00000,1.00000,1.00000
test,article,test-koap-9.22,unseen_articles,legal,koap,0.00000,0.00000,0.00000,0.00000
test,article,test-tk-16,unseen_articles,legal,tk,1.00000,1.00000,1.00000,1.00000
test,article,test-tk-160,unseen_articles,search,tk,1.00000,1.00000,1.00000,1.00000
test,article,test-tk-171,unseen_articles,search,tk,1.00000,1.00000,1.00000,1.00000
test,article,test-tk-165,unseen_articles,legal,tk,0.63093,1.00000,1.00000,0.50000
test,article,test-tk-164,unseen_articles,everyday,tk,1.00000,1.00000,1.00000,1.00000
test,article,test-tk-19,unseen_articles,legal,tk,1.00000,1.00000,1.00000,1.00000
test,article,test-tk-191,unseen_articles,legal,tk,1.00000,1.00000,1.00000,1.00000
test,article,test-tk-186.1,unseen_articles,everyday,tk,1.00000,1.00000,1.00000,1.00000
test,article,test-tk-197,unseen_articles,legal,tk,1.00000,1.00000,1.00000,1.00000
test,article,test-tk-20,unseen_articles,legal,tk,0.50000,1.00000,1.00000,0.33333
test,article,test-tk-210,unseen_articles,legal,tk,0.33333,0.00000,1.00000,0.14286
test,article,test-tk-21,unseen_articles,everyday,tk,0.43068,1.00000,1.00000,0.25000
test,article,test-tk-211.1,unseen_articles,everyday,tk,1.00000,1.00000,1.00000,1.00000
test,article,test-tk-221,unseen_articles,everyday,tk,0.00000,0.00000,0.00000,0.00000
test,article,test-tk-223,unseen_articles,legal,tk,1.00000,1.00000,1.00000,1.00000
test,article,test-tk-262,unseen_articles,search,tk,1.00000,1.00000,1.00000,1.00000
test,article,test-tk-267,unseen_articles,legal,tk,1.00000,1.00000,1.00000,1.00000
test,article,test-tk-245,unseen_articles,everyday,tk,1.00000,1.00000,1.00000,1.00000
test,article,test-tk-309.1,unseen_articles,search,tk,0.63093,1.00000,1.00000,0.50000
test,article,test-tk-310,unseen_articles,legal,tk,1.00000,1.00000,1.00000,1.00000
test,article,test-tk-29,unseen_articles,everyday,tk,1.00000,1.00000,1.00000,1.00000
test,article,test-tk-329,unseen_articles,search,tk,1.00000,1.00000,1.00000,1.00000
test,article,test-tk-327.6,unseen_articles,everyday,tk,1.00000,1.00000,1.00000,1.00000
test,article,test-tk-33,unseen_articles,legal,tk,1.00000,1.00000,1.00000,1.00000
test,article,test-tk-348.2,unseen_articles,search,tk,1.00000,1.00000,1.00000,1.00000
test,article,test-tk-334,unseen_articles,legal,tk,1.00000,1.00000,1.00000,1.00000
test,article,test-tk-80,unseen_articles,search,tk,0.50000,1.00000,1.00000,0.33333
test,article,test-tk-351.4,unseen_articles,everyday,tk,1.00000,1.00000,1.00000,1.00000
test,article,test-tk-41,unseen_articles,everyday,tk,1.00000,1.00000,1.00000,1.00000
test,article,test-zhk-1,unseen_articles,search,zhk,1.00000,1.00000,1.00000,1.00000
test,article,test-tk-86,unseen_articles,everyday,tk,1.00000,1.00000,1.00000,1.00000
test,article,test-zhk-109,unseen_articles,everyday,zhk,0.43068,1.00000,1.00000,0.25000
test,article,test-zhk-11,unseen_articles,everyday,zhk,1.00000,1.00000,1.00000,1.00000
test,article,test-zhk-155,unseen_articles,search,zhk,0.00000,0.00000,0.00000,0.00000
test,article,test-zhk-142,unseen_articles,legal,zhk,1.00000,1.00000,1.00000,1.00000
test,article,test-zhk-143,unseen_articles,legal,zhk,0.63093,1.00000,1.00000,0.50000
test,article,test-zhk-156.1,unseen_articles,search,zhk,1.00000,1.00000,1.00000,1.00000
test,article,test-zhk-167,unseen_articles,search,zhk,1.00000,1.00000,1.00000,1.00000
test,article,test-zhk-157,unseen_articles,legal,zhk,1.00000,1.00000,1.00000,1.00000
test,article,test-zhk-43,unseen_articles,search,zhk,1.00000,1.00000,1.00000,1.00000
test,article,test-zhk-49,unseen_articles,search,zhk,1.00000,1.00000,1.00000,1.00000
test,article,test-zhk-60,unseen_articles,search,zhk,0.43068,1.00000,1.00000,0.25000
test,article,test-zhk-68,unseen_articles,search,zhk,1.00000,1.00000,1.00000,1.00000
test,article,test-zhk-91.15,unseen_articles,legal,zhk,0.50000,1.00000,1.00000,0.33333
test,article,test-sk-1,unseen_codes,legal,sk,1.00000,1.00000,1.00000,1.00000
test,article,test-sk-10,unseen_codes,search,sk,1.00000,1.00000,1.00000,1.00000
test,article,test-zhk-92,unseen_articles,everyday,zhk,1.00000,1.00000,1.00000,1.00000
test,article,test-sk-102,unseen_codes,legal,sk,1.00000,1.00000,1.00000,1.00000
test,article,test-sk-100,unseen_codes,legal,sk,1.00000,1.00000,1.00000,1.00000
test,article,test-sk-101,unseen_codes,everyday,sk,1.00000,1.00000,1.00000,1.00000
test,article,test-sk-103,unseen_codes,search,sk,0.63093,1.00000,1.00000,0.50000
test,article,test-sk-104,unseen_codes,everyday,sk,0.63093,1.00000,1.00000,0.50000
test,article,test-sk-106,unseen_codes,legal,sk,1.00000,1.00000,1.00000,1.00000
test,article,test-sk-105,unseen_codes,everyday,sk,1.00000,1.00000,1.00000,1.00000
test,article,test-sk-108,unseen_codes,search,sk,1.00000,1.00000,1.00000,1.00000
test,article,test-sk-109,unseen_codes,search,sk,1.00000,1.00000,1.00000,1.00000
test,article,test-sk-110,unseen_codes,search,sk,1.00000,1.00000,1.00000,1.00000
test,article,test-sk-11,unseen_codes,legal,sk,1.00000,1.00000,1.00000,1.00000
test,article,test-sk-107,unseen_codes,everyday,sk,0.63093,1.00000,1.00000,0.50000
test,article,test-sk-111,unseen_codes,search,sk,1.00000,1.00000,1.00000,1.00000
test,article,test-sk-113,unseen_codes,legal,sk,1.00000,1.00000,1.00000,1.00000
test,article,test-sk-112,unseen_codes,everyday,sk,1.00000,1.00000,1.00000,1.00000
test,article,test-sk-115,unseen_codes,search,sk,1.00000,1.00000,1.00000,1.00000
test,article,test-sk-114,unseen_codes,everyday,sk,1.00000,1.00000,1.00000,1.00000
test,article,test-sk-116,unseen_codes,legal,sk,1.00000,1.00000,1.00000,1.00000
test,article,test-sk-117,unseen_codes,legal,sk,1.00000,1.00000,1.00000,1.00000
test,article,test-sk-118,unseen_codes,legal,sk,1.00000,1.00000,1.00000,1.00000
test,article,test-sk-119,unseen_codes,legal,sk,1.00000,1.00000,1.00000,1.00000
test,article,test-sk-121,unseen_codes,search,sk,1.00000,1.00000,1.00000,1.00000
test,article,test-sk-12,unseen_codes,everyday,sk,0.63093,1.00000,1.00000,0.50000
test,article,test-sk-120,unseen_codes,everyday,sk,0.50000,1.00000,1.00000,0.33333
test,article,test-sk-122,unseen_codes,search,sk,1.00000,1.00000,1.00000,1.00000
test,article,test-sk-123,unseen_codes,everyday,sk,1.00000,1.00000,1.00000,1.00000
test,article,test-sk-125,unseen_codes,legal,sk,1.00000,1.00000,1.00000,1.00000
test,article,test-sk-126,unseen_codes,search,sk,1.00000,1.00000,1.00000,1.00000
test,article,test-sk-124,unseen_codes,everyday,sk,1.00000,1.00000,1.00000,1.00000
test,article,test-sk-126.1,unseen_codes,search,sk,1.00000,1.00000,1.00000,1.00000
test,article,test-sk-127,unseen_codes,search,sk,1.00000,1.00000,1.00000,1.00000
test,article,test-sk-13,unseen_codes,search,sk,1.00000,1.00000,1.00000,1.00000
test,article,test-sk-129,unseen_codes,everyday,sk,1.00000,1.00000,1.00000,1.00000
test,article,test-sk-128,unseen_codes,everyday,sk,1.00000,1.00000,1.00000,1.00000
test,article,test-sk-130,unseen_codes,search,sk,1.00000,1.00000,1.00000,1.00000
test,article,test-sk-131,unseen_codes,legal,sk,1.00000,1.00000,1.00000,1.00000
test,article,test-sk-132,unseen_codes,legal,sk,1.00000,1.00000,1.00000,1.00000
test,article,test-sk-133,unseen_codes,everyday,sk,1.00000,1.00000,1.00000,1.00000
test,article,test-sk-135,unseen_codes,legal,sk,1.00000,1.00000,1.00000,1.00000
test,article,test-sk-134,unseen_codes,everyday,sk,0.63093,1.00000,1.00000,0.50000
test,article,test-sk-136,unseen_codes,everyday,sk,1.00000,1.00000,1.00000,1.00000
test,article,test-sk-137,unseen_codes,legal,sk,1.00000,1.00000,1.00000,1.00000
test,article,test-sk-138,unseen_codes,legal,sk,1.00000,1.00000,1.00000,1.00000
test,article,test-sk-139,unseen_codes,legal,sk,1.00000,1.00000,1.00000,1.00000
test,article,test-sk-14,unseen_codes,legal,sk,1.00000,1.00000,1.00000,1.00000
test,article,test-sk-140,unseen_codes,legal,sk,1.00000,1.00000,1.00000,1.00000
test,article,test-sk-142,unseen_codes,legal,sk,1.00000,1.00000,1.00000,1.00000
test,article,test-sk-141,unseen_codes,everyday,sk,1.00000,1.00000,1.00000,1.00000
test,article,test-sk-143,unseen_codes,legal,sk,1.00000,1.00000,1.00000,1.00000
test,article,test-sk-145,unseen_codes,everyday,sk,1.00000,1.00000,1.00000,1.00000
test,article,test-sk-144,unseen_codes,everyday,sk,1.00000,1.00000,1.00000,1.00000
test,article,test-sk-146,unseen_codes,everyday,sk,1.00000,1.00000,1.00000,1.00000
test,article,test-sk-148.1,unseen_codes,legal,sk,0.63093,1.00000,1.00000,0.50000
test,article,test-sk-148,unseen_codes,everyday,sk,1.00000,1.00000,1.00000,1.00000
test,article,test-sk-15,unseen_codes,legal,sk,1.00000,1.00000,1.00000,1.00000
test,article,test-sk-152,unseen_codes,everyday,sk,0.50000,1.00000,1.00000,0.33333
test,article,test-sk-153,unseen_codes,legal,sk,0.50000,1.00000,1.00000,0.33333
test,article,test-sk-155.1,unseen_codes,search,sk,1.00000,1.00000,1.00000,1.00000
test,article,test-sk-153.1,unseen_codes,legal,sk,1.00000,1.00000,1.00000,1.00000
test,article,test-sk-153.2,unseen_codes,search,sk,1.00000,1.00000,1.00000,1.00000
test,article,test-sk-155.2,unseen_codes,legal,sk,1.00000,1.00000,1.00000,1.00000
test,article,test-sk-156,unseen_codes,legal,sk,1.00000,1.00000,1.00000,1.00000
test,article,test-sk-155.3,unseen_codes,everyday,sk,0.00000,0.00000,0.00000,0.00000
test,article,test-sk-157,unseen_codes,search,sk,1.00000,1.00000,1.00000,1.00000
test,article,test-sk-158,unseen_codes,everyday,sk,1.00000,1.00000,1.00000,1.00000
test,article,test-sk-16,unseen_codes,search,sk,1.00000,1.00000,1.00000,1.00000
test,article,test-sk-159,unseen_codes,legal,sk,1.00000,1.00000,1.00000,1.00000
test,article,test-sk-160,unseen_codes,legal,sk,1.00000,1.00000,1.00000,1.00000
test,article,test-sk-162,unseen_codes,search,sk,1.00000,1.00000,1.00000,1.00000
test,article,test-sk-161,unseen_codes,everyday,sk,1.00000,1.00000,1.00000,1.00000
test,article,test-sk-165,unseen_codes,search,sk,1.00000,1.00000,1.00000,1.00000
test,article,test-sk-163,unseen_codes,everyday,sk,0.50000,1.00000,1.00000,0.33333
test,article,test-sk-164,unseen_codes,everyday,sk,0.63093,1.00000,1.00000,0.50000
test,article,test-sk-167,unseen_codes,search,sk,0.63093,1.00000,1.00000,0.50000
test,article,test-sk-168,unseen_codes,legal,sk,1.00000,1.00000,1.00000,1.00000
test,article,test-sk-169,unseen_codes,legal,sk,0.38685,1.00000,1.00000,0.20000
test,article,test-sk-166,unseen_codes,everyday,sk,0.63093,1.00000,1.00000,0.50000
test,article,test-sk-18,unseen_codes,everyday,sk,0.63093,1.00000,1.00000,0.50000
test,article,test-sk-170,unseen_codes,everyday,sk,0.00000,0.00000,0.00000,0.00000
test,article,test-sk-19,unseen_codes,everyday,sk,0.33333,0.00000,1.00000,0.14286
test,article,test-sk-20,unseen_codes,search,sk,0.50000,1.00000,1.00000,0.33333
test,article,test-sk-2,unseen_codes,legal,sk,1.00000,1.00000,1.00000,1.00000
test,article,test-sk-21,unseen_codes,search,sk,0.50000,1.00000,1.00000,0.33333
test,article,test-sk-22,unseen_codes,everyday,sk,1.00000,1.00000,1.00000,1.00000
test,article,test-sk-23,unseen_codes,everyday,sk,0.50000,1.00000,1.00000,0.33333
test,article,test-sk-24,unseen_codes,everyday,sk,1.00000,1.00000,1.00000,1.00000
test,article,test-sk-25,unseen_codes,legal,sk,1.00000,1.00000,1.00000,1.00000
test,article,test-sk-28,unseen_codes,search,sk,1.00000,1.00000,1.00000,1.00000
test,article,test-sk-26,unseen_codes,everyday,sk,1.00000,1.00000,1.00000,1.00000
test,article,test-sk-27,unseen_codes,everyday,sk,0.63093,1.00000,1.00000,0.50000
test,article,test-sk-3,unseen_codes,legal,sk,1.00000,1.00000,1.00000,1.00000
test,article,test-sk-30,unseen_codes,search,sk,0.63093,1.00000,1.00000,0.50000
test,article,test-sk-29,unseen_codes,everyday,sk,0.63093,1.00000,1.00000,0.50000
test,article,test-sk-31,unseen_codes,search,sk,1.00000,1.00000,1.00000,1.00000
test,article,test-sk-33,unseen_codes,legal,sk,1.00000,1.00000,1.00000,1.00000
test,article,test-sk-34,unseen_codes,legal,sk,1.00000,1.00000,1.00000,1.00000
test,article,test-sk-32,unseen_codes,everyday,sk,1.00000,1.00000,1.00000,1.00000
test,article,test-sk-36,unseen_codes,search,sk,1.00000,1.00000,1.00000,1.00000
test,article,test-sk-35,unseen_codes,legal,sk,1.00000,1.00000,1.00000,1.00000
test,article,test-sk-37,unseen_codes,legal,sk,0.63093,1.00000,1.00000,0.50000
test,article,test-sk-39,unseen_codes,legal,sk,1.00000,1.00000,1.00000,1.00000
test,article,test-sk-4,unseen_codes,search,sk,1.00000,1.00000,1.00000,1.00000
test,article,test-sk-38,unseen_codes,everyday,sk,1.00000,1.00000,1.00000,1.00000
test,article,test-sk-40,unseen_codes,legal,sk,0.63093,1.00000,1.00000,0.50000
test,article,test-sk-41,unseen_codes,search,sk,0.63093,1.00000,1.00000,0.50000
test,article,test-sk-43,unseen_codes,legal,sk,0.63093,1.00000,1.00000,0.50000
test,article,test-sk-44,unseen_codes,legal,sk,1.00000,1.00000,1.00000,1.00000
test,article,test-sk-42,unseen_codes,everyday,sk,1.00000,1.00000,1.00000,1.00000
test,article,test-sk-46,unseen_codes,search,sk,1.00000,1.00000,1.00000,1.00000
test,article,test-sk-48,unseen_codes,search,sk,0.43068,1.00000,1.00000,0.25000
test,article,test-sk-45,unseen_codes,everyday,sk,1.00000,1.00000,1.00000,1.00000
test,article,test-sk-49,unseen_codes,search,sk,1.00000,1.00000,1.00000,1.00000
test,article,test-sk-5,unseen_codes,search,sk,0.33333,0.00000,1.00000,0.14286
test,article,test-sk-50,unseen_codes,search,sk,1.00000,1.00000,1.00000,1.00000
test,article,test-sk-51,unseen_codes,everyday,sk,1.00000,1.00000,1.00000,1.00000
test,article,test-sk-53,unseen_codes,legal,sk,1.00000,1.00000,1.00000,1.00000
test,article,test-sk-52,unseen_codes,everyday,sk,1.00000,1.00000,1.00000,1.00000
test,article,test-sk-55,unseen_codes,legal,sk,0.50000,1.00000,1.00000,0.33333
test,article,test-sk-54,unseen_codes,everyday,sk,1.00000,1.00000,1.00000,1.00000
test,article,test-sk-56,unseen_codes,everyday,sk,1.00000,1.00000,1.00000,1.00000
test,article,test-sk-57,unseen_codes,legal,sk,1.00000,1.00000,1.00000,1.00000
test,article,test-sk-59,unseen_codes,search,sk,1.00000,1.00000,1.00000,1.00000
test,article,test-sk-58,unseen_codes,everyday,sk,1.00000,1.00000,1.00000,1.00000
test,article,test-sk-60,unseen_codes,legal,sk,1.00000,1.00000,1.00000,1.00000
test,article,test-sk-61,unseen_codes,search,sk,0.30103,0.00000,1.00000,0.11111
test,article,test-sk-62,unseen_codes,legal,sk,1.00000,1.00000,1.00000,1.00000
test,article,test-sk-63,unseen_codes,legal,sk,0.63093,1.00000,1.00000,0.50000
test,article,test-sk-6,unseen_codes,everyday,sk,1.00000,1.00000,1.00000,1.00000
test,article,test-sk-65,unseen_codes,search,sk,0.50000,1.00000,1.00000,0.33333
test,article,test-sk-64,unseen_codes,search,sk,1.00000,1.00000,1.00000,1.00000
test,article,test-sk-66,unseen_codes,legal,sk,0.50000,1.00000,1.00000,0.33333
test,article,test-sk-67,unseen_codes,legal,sk,1.00000,1.00000,1.00000,1.00000
test,article,test-sk-68,unseen_codes,everyday,sk,1.00000,1.00000,1.00000,1.00000
test,article,test-sk-69,unseen_codes,everyday,sk,1.00000,1.00000,1.00000,1.00000
test,article,test-sk-71,unseen_codes,search,sk,1.00000,1.00000,1.00000,1.00000
test,article,test-sk-7,unseen_codes,everyday,sk,0.00000,0.00000,0.00000,0.00000
test,article,test-sk-70,unseen_codes,everyday,sk,1.00000,1.00000,1.00000,1.00000
test,article,test-sk-73,unseen_codes,search,sk,0.63093,1.00000,1.00000,0.50000
test,article,test-sk-72,unseen_codes,everyday,sk,1.00000,1.00000,1.00000,1.00000
test,article,test-sk-74,unseen_codes,legal,sk,1.00000,1.00000,1.00000,1.00000
test,article,test-sk-75,unseen_codes,legal,sk,1.00000,1.00000,1.00000,1.00000
test,article,test-sk-76,unseen_codes,search,sk,1.00000,1.00000,1.00000,1.00000
test,article,test-sk-78,unseen_codes,legal,sk,1.00000,1.00000,1.00000,1.00000
test,article,test-sk-77,unseen_codes,everyday,sk,1.00000,1.00000,1.00000,1.00000
test,article,test-sk-79,unseen_codes,legal,sk,1.00000,1.00000,1.00000,1.00000
test,article,test-sk-8,unseen_codes,legal,sk,1.00000,1.00000,1.00000,1.00000
test,article,test-sk-81,unseen_codes,search,sk,1.00000,1.00000,1.00000,1.00000
test,article,test-sk-80,unseen_codes,everyday,sk,0.31546,0.00000,1.00000,0.12500
test,article,test-sk-82,unseen_codes,search,sk,1.00000,1.00000,1.00000,1.00000
test,article,test-sk-84,unseen_codes,search,sk,1.00000,1.00000,1.00000,1.00000
test,article,test-sk-83,unseen_codes,legal,sk,1.00000,1.00000,1.00000,1.00000
test,article,test-sk-85,unseen_codes,legal,sk,1.00000,1.00000,1.00000,1.00000
test,article,test-sk-86,unseen_codes,search,sk,1.00000,1.00000,1.00000,1.00000
test,article,test-sk-88,unseen_codes,search,sk,0.63093,1.00000,1.00000,0.50000
test,article,test-sk-87,unseen_codes,everyday,sk,0.43068,1.00000,1.00000,0.25000
test,article,test-sk-89,unseen_codes,legal,sk,1.00000,1.00000,1.00000,1.00000
test,article,test-sk-9,unseen_codes,search,sk,1.00000,1.00000,1.00000,1.00000
test,article,test-sk-90,unseen_codes,everyday,sk,1.00000,1.00000,1.00000,1.00000
test,article,test-sk-92,unseen_codes,everyday,sk,0.00000,0.00000,0.00000,0.00000
test,article,test-sk-94,unseen_codes,search,sk,1.00000,1.00000,1.00000,1.00000
test,article,test-sk-93,unseen_codes,legal,sk,1.00000,1.00000,1.00000,1.00000
test,article,test-sk-96,unseen_codes,search,sk,1.00000,1.00000,1.00000,1.00000
test,article,test-sk-97,unseen_codes,search,sk,1.00000,1.00000,1.00000,1.00000
test,article,test-sk-95,unseen_codes,legal,sk,1.00000,1.00000,1.00000,1.00000
test,article,test-sk-98,unseen_codes,search,sk,1.00000,1.00000,1.00000,1.00000
test,article,test-sk-99,unseen_codes,search,sk,1.00000,1.00000,1.00000,1.00000
test,article,test-zozpp-1,unseen_codes,legal,zozpp,0.00000,0.00000,0.00000,0.00000
test,article,test-zozpp-11,unseen_codes,search,zozpp,1.00000,1.00000,1.00000,1.00000
test,article,test-zozpp-10,unseen_codes,everyday,zozpp,0.00000,0.00000,0.00000,0.00000
test,article,test-zozpp-10.1,unseen_codes,everyday,zozpp,1.00000,1.00000,1.00000,1.00000
test,article,test-zozpp-13,unseen_codes,search,zozpp,1.00000,1.00000,1.00000,1.00000
test,article,test-zozpp-12,unseen_codes,legal,zozpp,1.00000,1.00000,1.00000,1.00000
test,article,test-zozpp-14,unseen_codes,everyday,zozpp,1.00000,1.00000,1.00000,1.00000
test,article,test-zozpp-15,unseen_codes,legal,zozpp,1.00000,1.00000,1.00000,1.00000
test,article,test-zozpp-16,unseen_codes,search,zozpp,0.00000,0.00000,0.00000,0.00000
test,article,test-zozpp-16.1,unseen_codes,search,zozpp,0.63093,1.00000,1.00000,0.50000
test,article,test-zozpp-17,unseen_codes,search,zozpp,0.63093,1.00000,1.00000,0.50000
test,article,test-zozpp-18,unseen_codes,search,zozpp,0.63093,1.00000,1.00000,0.50000
test,article,test-zozpp-2,unseen_codes,search,zozpp,0.43068,1.00000,1.00000,0.25000
test,article,test-zozpp-19,unseen_codes,legal,zozpp,0.63093,1.00000,1.00000,0.50000
test,article,test-zozpp-21,unseen_codes,search,zozpp,1.00000,1.00000,1.00000,1.00000
test,article,test-zozpp-22,unseen_codes,search,zozpp,1.00000,1.00000,1.00000,1.00000
test,article,test-zozpp-20,unseen_codes,everyday,zozpp,0.63093,1.00000,1.00000,0.50000
test,article,test-zozpp-23.1,unseen_codes,search,zozpp,0.50000,1.00000,1.00000,0.33333
test,article,test-zozpp-23,unseen_codes,legal,zozpp,1.00000,1.00000,1.00000,1.00000
test,article,test-zozpp-24,unseen_codes,everyday,zozpp,1.00000,1.00000,1.00000,1.00000
test,article,test-zozpp-25,unseen_codes,everyday,zozpp,1.00000,1.00000,1.00000,1.00000
test,article,test-zozpp-26.1,unseen_codes,everyday,zozpp,0.31546,0.00000,1.00000,0.12500
test,article,test-zozpp-27,unseen_codes,search,zozpp,1.00000,1.00000,1.00000,1.00000
test,article,test-zozpp-28,unseen_codes,search,zozpp,1.00000,1.00000,1.00000,1.00000
test,article,test-zozpp-3,unseen_codes,search,zozpp,1.00000,1.00000,1.00000,1.00000
test,article,test-zozpp-29,unseen_codes,legal,zozpp,1.00000,1.00000,1.00000,1.00000
test,article,test-zozpp-32,unseen_codes,search,zozpp,1.00000,1.00000,1.00000,1.00000
test,article,test-zozpp-30,unseen_codes,everyday,zozpp,0.35621,0.00000,1.00000,0.16667
test,article,test-zozpp-33,unseen_codes,search,zozpp,1.00000,1.00000,1.00000,1.00000
test,article,test-zozpp-31,unseen_codes,everyday,zozpp,0.43068,1.00000,1.00000,0.25000
test,article,test-zozpp-35,unseen_codes,search,zozpp,0.63093,1.00000,1.00000,0.50000
test,article,test-zozpp-34,unseen_codes,everyday,zozpp,1.00000,1.00000,1.00000,1.00000
test,article,test-zozpp-37,unseen_codes,everyday,zozpp,1.00000,1.00000,1.00000,1.00000
test,article,test-zozpp-39,unseen_codes,search,zozpp,0.50000,1.00000,1.00000,0.33333
test,article,test-zozpp-36,unseen_codes,everyday,zozpp,0.43068,1.00000,1.00000,0.25000
test,article,test-zozpp-40,unseen_codes,legal,zozpp,0.00000,0.00000,0.00000,0.00000
test,article,test-zozpp-41,unseen_codes,everyday,zozpp,1.00000,1.00000,1.00000,1.00000
test,article,test-zozpp-42.1,unseen_codes,search,zozpp,0.63093,1.00000,1.00000,0.50000
test,article,test-zozpp-42.3,unseen_codes,legal,zozpp,1.00000,1.00000,1.00000,1.00000
test,article,test-zozpp-42.2,unseen_codes,legal,zozpp,1.00000,1.00000,1.00000,1.00000
test,article,test-zozpp-43,unseen_codes,everyday,zozpp,0.00000,0.00000,0.00000,0.00000
test,article,test-zozpp-45,unseen_codes,search,zozpp,1.00000,1.00000,1.00000,1.00000
test,article,test-zozpp-44,unseen_codes,search,zozpp,1.00000,1.00000,1.00000,1.00000
test,article,test-zozpp-46,unseen_codes,legal,zozpp,1.00000,1.00000,1.00000,1.00000
test,article,test-zozpp-6,unseen_codes,everyday,zozpp,0.63093,1.00000,1.00000,0.50000
test,article,test-zozpp-5,unseen_codes,everyday,zozpp,0.00000,0.00000,0.00000,0.00000
test,article,test-zozpp-7,unseen_codes,legal,zozpp,0.50000,1.00000,1.00000,0.33333
test,article,test-zozpp-9,unseen_codes,search,zozpp,0.63093,1.00000,1.00000,0.50000
test,article,test-zozpp-8,unseen_codes,legal,zozpp,0.00000,0.00000,0.00000,0.00000
external,article,ext-1,tk_rf_rag,external,tk,1.00000,1.00000,1.00000,1.00000
external,article,ext-2,tk_rf_rag,external,tk,1.00000,1.00000,1.00000,1.00000
external,article,ext-3,tk_rf_rag,external,tk,1.00000,1.00000,1.00000,1.00000
external,article,ext-4,tk_rf_rag,external,tk,1.00000,1.00000,1.00000,1.00000
external,article,ext-5,tk_rf_rag,external,tk,1.00000,1.00000,1.00000,1.00000
external,article,ext-6,tk_rf_rag,external,tk,1.00000,1.00000,1.00000,1.00000
external,article,ext-7,tk_rf_rag,external,tk,1.00000,1.00000,1.00000,1.00000
external,article,ext-8,tk_rf_rag,external,tk,0.63093,1.00000,1.00000,0.50000
external,article,ext-9,tk_rf_rag,external,tk,1.00000,1.00000,1.00000,1.00000
external,article,ext-10,tk_rf_rag,external,tk,1.00000,1.00000,1.00000,1.00000
external,article,ext-11,tk_rf_rag,external,tk,1.00000,1.00000,1.00000,1.00000
external,article,ext-12,tk_rf_rag,external,tk,0.63093,1.00000,1.00000,0.50000
external,article,ext-13,tk_rf_rag,external,tk,1.00000,1.00000,1.00000,1.00000
external,article,ext-14,tk_rf_rag,external,tk,1.00000,1.00000,1.00000,1.00000
external,article,ext-15,tk_rf_rag,external,tk,1.00000,1.00000,1.00000,1.00000
external,article,ext-16,tk_rf_rag,external,tk,1.00000,1.00000,1.00000,1.00000
external,article,ext-17,tk_rf_rag,external,tk,1.00000,1.00000,1.00000,1.00000
external,article,ext-18,tk_rf_rag,external,tk,1.00000,1.00000,1.00000,1.00000
external,article,ext-19,tk_rf_rag,external,tk,0.63093,1.00000,1.00000,0.50000
external,article,ext-20,tk_rf_rag,external,tk,0.63093,1.00000,1.00000,0.50000
external,article,ext-21,tk_rf_rag,external,tk,1.00000,1.00000,1.00000,1.00000
external,article,ext-22,tk_rf_rag,external,tk,1.00000,1.00000,1.00000,1.00000
external,article,ext-23,tk_rf_rag,external,tk,1.00000,1.00000,1.00000,1.00000
external,article,ext-24,tk_rf_rag,external,tk,1.00000,1.00000,1.00000,1.00000
external,article,ext-25,tk_rf_rag,external,tk,1.00000,1.00000,1.00000,1.00000
dev,chunk,dev-gk-1004,seen,legal,gk,1.00000,1.00000,1.00000,1.00000
dev,chunk,dev-gk-1058,seen,search,gk,1.00000,1.00000,1.00000,1.00000
dev,chunk,dev-gk-1069,seen,search,gk,1.00000,1.00000,1.00000,1.00000
dev,chunk,dev-gk-1026,seen,everyday,gk,0.31546,0.00000,1.00000,0.12500
dev,chunk,dev-gk-1093,seen,legal,gk,1.00000,1.00000,1.00000,1.00000
dev,chunk,dev-gk-1123,seen,search,gk,1.00000,1.00000,1.00000,1.00000
dev,chunk,dev-gk-1118,seen,legal,gk,1.00000,1.00000,1.00000,1.00000
dev,chunk,dev-gk-1137,seen,search,gk,1.00000,1.00000,1.00000,1.00000
dev,chunk,dev-gk-1138,seen,legal,gk,1.00000,1.00000,1.00000,1.00000
dev,chunk,dev-gk-1150,seen,legal,gk,1.00000,1.00000,1.00000,1.00000
dev,chunk,dev-gk-1164,seen,everyday,gk,0.30103,0.00000,1.00000,0.11111
dev,chunk,dev-gk-1165,seen,legal,gk,1.00000,1.00000,1.00000,1.00000
dev,chunk,dev-gk-1172,seen,legal,gk,1.00000,1.00000,1.00000,1.00000
dev,chunk,dev-gk-1176,seen,search,gk,1.00000,1.00000,1.00000,1.00000
dev,chunk,dev-gk-12,seen,search,gk,1.00000,1.00000,1.00000,1.00000
dev,chunk,dev-gk-1191,seen,legal,gk,1.00000,1.00000,1.00000,1.00000
dev,chunk,dev-gk-1188,seen,everyday,gk,1.00000,1.00000,1.00000,1.00000
dev,chunk,dev-gk-1216.1,seen,legal,gk,1.00000,1.00000,1.00000,1.00000
dev,chunk,dev-gk-123.16-2,seen,legal,gk,1.00000,1.00000,1.00000,1.00000
dev,chunk,dev-gk-1228,seen,everyday,gk,1.00000,1.00000,1.00000,1.00000
dev,chunk,dev-gk-123.9,seen,legal,gk,1.00000,1.00000,1.00000,1.00000
dev,chunk,dev-gk-1232,seen,legal,gk,1.00000,1.00000,1.00000,1.00000
dev,chunk,dev-gk-125,seen,search,gk,0.50000,1.00000,1.00000,0.33333
dev,chunk,dev-gk-1240,seen,everyday,gk,1.00000,1.00000,1.00000,1.00000
dev,chunk,dev-gk-1289,seen,search,gk,1.00000,1.00000,1.00000,1.00000
dev,chunk,dev-gk-1307,seen,legal,gk,1.00000,1.00000,1.00000,1.00000
dev,chunk,dev-gk-1303,seen,everyday,gk,0.00000,0.00000,0.00000,0.00000
dev,chunk,dev-gk-1316,seen,legal,gk,1.00000,1.00000,1.00000,1.00000
dev,chunk,dev-gk-1355,seen,search,gk,1.00000,1.00000,1.00000,1.00000
dev,chunk,dev-gk-1336,seen,everyday,gk,1.00000,1.00000,1.00000,1.00000
dev,chunk,dev-gk-1317,seen,everyday,gk,1.00000,1.00000,1.00000,1.00000
dev,chunk,dev-gk-1383,seen,everyday,gk,1.00000,1.00000,1.00000,1.00000
dev,chunk,dev-gk-141.1,seen,legal,gk,1.00000,1.00000,1.00000,1.00000
dev,chunk,dev-gk-1429,seen,legal,gk,1.00000,1.00000,1.00000,1.00000
dev,chunk,dev-gk-1434,seen,legal,gk,1.00000,1.00000,1.00000,1.00000
dev,chunk,dev-gk-1469,seen,everyday,gk,1.00000,1.00000,1.00000,1.00000
dev,chunk,dev-gk-147.1,seen,legal,gk,1.00000,1.00000,1.00000,1.00000
dev,chunk,dev-gk-1482,seen,search,gk,1.00000,1.00000,1.00000,1.00000
dev,chunk,dev-gk-1489,seen,legal,gk,1.00000,1.00000,1.00000,1.00000
dev,chunk,dev-gk-1516,seen,legal,gk,1.00000,1.00000,1.00000,1.00000
dev,chunk,dev-gk-15,seen,everyday,gk,0.00000,0.00000,0.00000,0.00000
dev,chunk,dev-gk-152,seen,everyday,gk,0.50000,1.00000,1.00000,0.33333
dev,chunk,dev-gk-1522,seen,everyday,gk,1.00000,1.00000,1.00000,1.00000
dev,chunk,dev-gk-160,seen,everyday,gk,1.00000,1.00000,1.00000,1.00000
dev,chunk,dev-gk-174.1,seen,everyday,gk,0.00000,0.00000,0.00000,0.00000
dev,chunk,dev-gk-163,seen,everyday,gk,1.00000,1.00000,1.00000,1.00000
dev,chunk,dev-gk-197,seen,legal,gk,1.00000,1.00000,1.00000,1.00000
dev,chunk,dev-gk-21,seen,search,gk,1.00000,1.00000,1.00000,1.00000
dev,chunk,dev-gk-20,seen,everyday,gk,0.00000,0.00000,0.00000,0.00000
dev,chunk,dev-gk-214,seen,everyday,gk,1.00000,1.00000,1.00000,1.00000
dev,chunk,dev-gk-250,seen,search,gk,1.00000,1.00000,1.00000,1.00000
dev,chunk,dev-gk-253,seen,search,gk,1.00000,1.00000,1.00000,1.00000
dev,chunk,dev-gk-22,seen,everyday,gk,0.63093,1.00000,1.00000,0.50000
dev,chunk,dev-gk-232,seen,everyday,gk,1.00000,1.00000,1.00000,1.00000
dev,chunk,dev-gk-287.4,seen,search,gk,1.00000,1.00000,1.00000,1.00000
dev,chunk,dev-gk-258,seen,legal,gk,1.00000,1.00000,1.00000,1.00000
dev,chunk,dev-gk-319.1,seen,search,gk,0.63093,1.00000,1.00000,0.50000
dev,chunk,dev-gk-388.1,seen,search,gk,1.00000,1.00000,1.00000,1.00000
dev,chunk,dev-gk-428,seen,search,gk,1.00000,1.00000,1.00000,1.00000
dev,chunk,dev-gk-438,seen,search,gk,1.00000,1.00000,1.00000,1.00000
dev,chunk,dev-gk-452,seen,search,gk,0.63093,1.00000,1.00000,0.50000
dev,chunk,dev-gk-429.4,seen,legal,gk,1.00000,1.00000,1.00000,1.00000
dev,chunk,dev-gk-479,seen,search,gk,1.00000,1.00000,1.00000,1.00000
dev,chunk,dev-gk-470,seen,everyday,gk,0.00000,0.00000,0.00000,0.00000
dev,chunk,dev-gk-487,seen,everyday,gk,1.00000,1.00000,1.00000,1.00000
dev,chunk,dev-gk-499,seen,everyday,gk,0.00000,0.00000,0.00000,0.00000
dev,chunk,dev-gk-50.1,seen,legal,gk,1.00000,1.00000,1.00000,1.00000
dev,chunk,dev-gk-506,seen,search,gk,1.00000,1.00000,1.00000,1.00000
dev,chunk,dev-gk-502,seen,everyday,gk,0.63093,1.00000,1.00000,0.50000
dev,chunk,dev-gk-523,seen,legal,gk,1.00000,1.00000,1.00000,1.00000
dev,chunk,dev-gk-561,seen,search,gk,1.00000,1.00000,1.00000,1.00000
dev,chunk,dev-gk-563,seen,legal,gk,0.63093,1.00000,1.00000,0.50000
dev,chunk,dev-gk-564,seen,search,gk,0.50000,1.00000,1.00000,0.33333
dev,chunk,dev-gk-53.1,seen,everyday,gk,0.30103,0.00000,1.00000,0.11111
dev,chunk,dev-gk-586,seen,search,gk,1.00000,1.00000,1.00000,1.00000
dev,chunk,dev-gk-584,seen,search,gk,1.00000,1.00000,1.00000,1.00000
dev,chunk,dev-gk-616,seen,search,gk,1.00000,1.00000,1.00000,1.00000
dev,chunk,dev-gk-634,seen,search,gk,0.63093,1.00000,1.00000,0.50000
dev,chunk,dev-gk-62,seen,legal,gk,1.00000,1.00000,1.00000,1.00000
dev,chunk,dev-gk-682,seen,legal,gk,1.00000,1.00000,1.00000,1.00000
dev,chunk,dev-gk-730,seen,search,gk,1.00000,1.00000,1.00000,1.00000
dev,chunk,dev-gk-72,seen,legal,gk,1.00000,1.00000,1.00000,1.00000
dev,chunk,dev-gk-750,seen,legal,gk,1.00000,1.00000,1.00000,1.00000
dev,chunk,dev-gk-788,seen,search,gk,0.50000,1.00000,1.00000,0.33333
dev,chunk,dev-gk-761,seen,legal,gk,1.00000,1.00000,1.00000,1.00000
dev,chunk,dev-gk-789,seen,legal,gk,1.00000,1.00000,1.00000,1.00000
dev,chunk,dev-gk-774,seen,everyday,gk,1.00000,1.00000,1.00000,1.00000
dev,chunk,dev-gk-799,seen,everyday,gk,1.00000,1.00000,1.00000,1.00000
dev,chunk,dev-gk-800,seen,search,gk,1.00000,1.00000,1.00000,1.00000
dev,chunk,dev-gk-831,seen,legal,gk,1.00000,1.00000,1.00000,1.00000
dev,chunk,dev-gk-844,seen,legal,gk,1.00000,1.00000,1.00000,1.00000
dev,chunk,dev-gk-833,seen,everyday,gk,1.00000,1.00000,1.00000,1.00000
dev,chunk,dev-gk-845,seen,legal,gk,1.00000,1.00000,1.00000,1.00000
dev,chunk,dev-gk-848,seen,legal,gk,0.63093,1.00000,1.00000,0.50000
dev,chunk,dev-gk-853,seen,legal,gk,1.00000,1.00000,1.00000,1.00000
dev,chunk,dev-gk-860.2,seen,legal,gk,1.00000,1.00000,1.00000,1.00000
dev,chunk,dev-gk-861,seen,search,gk,1.00000,1.00000,1.00000,1.00000
dev,chunk,dev-gk-87,seen,search,gk,0.63093,1.00000,1.00000,0.50000
dev,chunk,dev-gk-896,seen,legal,gk,1.00000,1.00000,1.00000,1.00000
dev,chunk,dev-gk-891,seen,everyday,gk,0.50000,1.00000,1.00000,0.33333
dev,chunk,dev-gk-904,seen,everyday,gk,0.63093,1.00000,1.00000,0.50000
dev,chunk,dev-gk-905,seen,search,gk,1.00000,1.00000,1.00000,1.00000
dev,chunk,dev-gk-916,seen,legal,gk,1.00000,1.00000,1.00000,1.00000
dev,chunk,dev-gk-951,seen,everyday,gk,1.00000,1.00000,1.00000,1.00000
dev,chunk,dev-gk-979,seen,everyday,gk,1.00000,1.00000,1.00000,1.00000
dev,chunk,dev-koap-1.3,seen,everyday,koap,0.00000,0.00000,0.00000,0.00000
dev,chunk,dev-gk-980,seen,everyday,gk,0.63093,1.00000,1.00000,0.50000
dev,chunk,dev-koap-11.27,seen,search,koap,0.63093,1.00000,1.00000,0.50000
dev,chunk,dev-koap-11.30,seen,search,koap,1.00000,1.00000,1.00000,1.00000
dev,chunk,dev-koap-11.10,seen,everyday,koap,0.63093,1.00000,1.00000,0.50000
dev,chunk,dev-koap-11.8,seen,legal,koap,1.00000,1.00000,1.00000,1.00000
dev,chunk,dev-koap-12.10,seen,everyday,koap,1.00000,1.00000,1.00000,1.00000
dev,chunk,dev-koap-12.6,seen,everyday,koap,0.00000,0.00000,0.00000,0.00000
dev,chunk,dev-koap-12.9,seen,legal,koap,1.00000,1.00000,1.00000,1.00000
dev,chunk,dev-koap-13.27.1,seen,legal,koap,1.00000,1.00000,1.00000,1.00000
dev,chunk,dev-koap-13.19.2,seen,everyday,koap,0.63093,1.00000,1.00000,0.50000
dev,chunk,dev-koap-14.17.1,seen,search,koap,0.63093,1.00000,1.00000,0.50000
dev,chunk,dev-koap-13.40.1,seen,legal,koap,1.00000,1.00000,1.00000,1.00000
dev,chunk,dev-koap-14.4.4,seen,search,koap,1.00000,1.00000,1.00000,1.00000
dev,chunk,dev-koap-14.3,seen,everyday,koap,1.00000,1.00000,1.00000,1.00000
dev,chunk,dev-koap-14.36,seen,everyday,koap,1.00000,1.00000,1.00000,1.00000
dev,chunk,dev-koap-14.53.1,seen,search,koap,1.00000,1.00000,1.00000,1.00000
dev,chunk,dev-koap-15.36,seen,search,koap,1.00000,1.00000,1.00000,1.00000
dev,chunk,dev-koap-15.26.1,seen,legal,koap,1.00000,1.00000,1.00000,1.00000
dev,chunk,dev-koap-15.33.2,seen,legal,koap,1.00000,1.00000,1.00000,1.00000
dev,chunk,dev-koap-15.46,seen,legal,koap,1.00000,1.00000,1.00000,1.00000
dev,chunk,dev-koap-16.12,seen,search,koap,1.00000,1.00000,1.00000,1.00000
dev,chunk,dev-koap-17.7,seen,everyday,koap,1.00000,1.00000,1.00000,1.00000
dev,chunk,dev-koap-16.13,seen,legal,koap,1.00000,1.00000,1.00000,1.00000
dev,chunk,dev-koap-18.11,seen,everyday,koap,0.50000,1.00000,1.00000,0.33333
dev,chunk,dev-koap-18.21,seen,search,koap,1.00000,1.00000,1.00000,1.00000
dev,chunk,dev-koap-18.6,seen,search,koap,1.00000,1.00000,1.00000,1.00000
dev,chunk,dev-koap-19.17,seen,search,koap,1.00000,1.00000,1.00000,1.00000
dev,chunk,dev-koap-18.14,seen,everyday,koap,1.00000,1.00000,1.00000,1.00000
dev,chunk,dev-koap-19.31,seen,legal,koap,1.00000,1.00000,1.00000,1.00000
dev,chunk,dev-koap-2.6,seen,everyday,koap,0.00000,0.00000,0.00000,0.00000
dev,chunk,dev-koap-2.7,seen,everyday,koap,0.00000,0.00000,0.00000,0.00000
dev,chunk,dev-koap-20.15,seen,everyday,koap,0.50000,1.00000,1.00000,0.33333
dev,chunk,dev-koap-20.19,seen,legal,koap,1.00000,1.00000,1.00000,1.00000
dev,chunk,dev-koap-21.2,seen,search,koap,1.00000,1.00000,1.00000,1.00000
dev,chunk,dev-koap-20.9,seen,everyday,koap,1.00000,1.00000,1.00000,1.00000
dev,chunk,dev-koap-20.2.2,seen,everyday,koap,1.00000,1.00000,1.00000,1.00000
dev,chunk,dev-koap-21.7,seen,legal,koap,1.00000,1.00000,1.00000,1.00000
dev,chunk,dev-koap-23.29,seen,search,koap,1.00000,1.00000,1.00000,1.00000
dev,chunk,dev-koap-23.22,seen,everyday,koap,1.00000,1.00000,1.00000,1.00000
dev,chunk,dev-koap-23.68,seen,search,koap,0.00000,0.00000,0.00000,0.00000
dev,chunk,dev-koap-23.4,seen,legal,koap,1.00000,1.00000,1.00000,1.00000
dev,chunk,dev-koap-23.7.2,seen,search,koap,1.00000,1.00000,1.00000,1.00000
dev,chunk,dev-koap-23.74,seen,search,koap,1.00000,1.00000,1.00000,1.00000
dev,chunk,dev-koap-23.93,seen,everyday,koap,1.00000,1.00000,1.00000,1.00000
dev,chunk,dev-koap-23.98,seen,legal,koap,1.00000,1.00000,1.00000,1.00000
dev,chunk,dev-koap-26.7,seen,search,koap,0.63093,1.00000,1.00000,0.50000
dev,chunk,dev-koap-26.6,seen,legal,koap,1.00000,1.00000,1.00000,1.00000
dev,chunk,dev-koap-25.9,seen,everyday,koap,1.00000,1.00000,1.00000,1.00000
dev,chunk,dev-koap-28.6,seen,search,koap,1.00000,1.00000,1.00000,1.00000
dev,chunk,dev-koap-29.1.6,seen,legal,koap,1.00000,1.00000,1.00000,1.00000
dev,chunk,dev-koap-29.10,seen,everyday,koap,0.00000,0.00000,0.00000,0.00000
dev,chunk,dev-koap-31.12,seen,search,koap,1.00000,1.00000,1.00000,1.00000
dev,chunk,dev-koap-30.9,seen,everyday,koap,0.28906,0.00000,1.00000,0.10000
dev,chunk,dev-koap-32.12,seen,search,koap,1.00000,1.00000,1.00000,1.00000
dev,chunk,dev-koap-5.1,seen,legal,koap,1.00000,1.00000,1.00000,1.00000
dev,chunk,dev-koap-5.17,seen,legal,koap,1.00000,1.00000,1.00000,1.00000
dev,chunk,dev-koap-5.22,seen,legal,koap,1.00000,1.00000,1.00000,1.00000
dev,chunk,dev-koap-5.33,seen,search,koap,1.00000,1.00000,1.00000,1.00000
dev,chunk,dev-koap-5.31,seen,legal,koap,1.00000,1.00000,1.00000,1.00000
dev,chunk,dev-koap-5.6,seen,search,koap,0.30103,0.00000,1.00000,0.11111
dev,chunk,dev-koap-7.28,seen,everyday,koap,1.00000,1.00000,1.00000,1.00000
dev,chunk,dev-koap-7.30.3,seen,search,koap,0.63093,1.00000,1.00000,0.50000
dev,chunk,dev-koap-7.30.6,seen,everyday,koap,1.00000,1.00000,1.00000,1.00000
dev,chunk,dev-koap-8.12,seen,search,koap,0.43068,1.00000,1.00000,0.25000
dev,chunk,dev-koap-8.49,seen,search,koap,0.00000,0.00000,0.00000,0.00000
dev,chunk,dev-koap-7.33,seen,everyday,koap,0.43068,1.00000,1.00000,0.25000
dev,chunk,dev-koap-8.53,seen,legal,koap,1.00000,1.00000,1.00000,1.00000
dev,chunk,dev-koap-8.7,seen,legal,koap,1.00000,1.00000,1.00000,1.00000
dev,chunk,dev-tk-115,seen,legal,tk,0.63093,1.00000,1.00000,0.50000
dev,chunk,dev-tk-15,seen,search,tk,1.00000,1.00000,1.00000,1.00000
dev,chunk,dev-tk-105,seen,everyday,tk,1.00000,1.00000,1.00000,1.00000
dev,chunk,dev-tk-168.1,seen,search,tk,1.00000,1.00000,1.00000,1.00000
dev,chunk,dev-tk-163,seen,everyday,tk,0.30103,0.00000,1.00000,0.11111
dev,chunk,dev-tk-167,seen,everyday,tk,1.00000,1.00000,1.00000,1.00000
dev,chunk,dev-tk-185.1,seen,search,tk,1.00000,1.00000,1.00000,1.00000
dev,chunk,dev-tk-188,seen,search,tk,1.00000,1.00000,1.00000,1.00000
dev,chunk,dev-tk-182,seen,everyday,tk,0.50000,1.00000,1.00000,0.33333
dev,chunk,dev-tk-227,seen,search,tk,0.43068,1.00000,1.00000,0.25000
dev,chunk,dev-tk-22.1,seen,legal,tk,1.00000,1.00000,1.00000,1.00000
dev,chunk,dev-tk-228.1,seen,search,tk,1.00000,1.00000,1.00000,1.00000
dev,chunk,dev-tk-241,seen,legal,tk,1.00000,1.00000,1.00000,1.00000
dev,chunk,dev-tk-252,seen,search,tk,1.00000,1.00000,1.00000,1.00000
dev,chunk,dev-tk-315,seen,legal,tk,0.33333,0.00000,1.00000,0.14286
dev,chunk,dev-tk-312.7,seen,legal,tk,1.00000,1.00000,1.00000,1.00000
dev,chunk,dev-tk-262.2,seen,everyday,tk,1.00000,1.00000,1.00000,1.00000
dev,chunk,dev-tk-335,seen,search,tk,1.00000,1.00000,1.00000,1.00000
dev,chunk,dev-tk-330.5,seen,legal,tk,1.00000,1.00000,1.00000,1.00000
dev,chunk,dev-tk-330.2,seen,everyday,tk,1.00000,1.00000,1.00000,1.00000
dev,chunk,dev-tk-340,seen,legal,tk,1.00000,1.00000,1.00000,1.00000
dev,chunk,dev-tk-341.2-1,seen,legal,tk,1.00000,1.00000,1.00000,1.00000
dev,chunk,dev-tk-341,seen,everyday,tk,1.00000,1.00000,1.00000,1.00000
dev,chunk,dev-tk-343,seen,everyday,tk,0.50000,1.00000,1.00000,0.33333
dev,chunk,dev-tk-349.3,seen,everyday,tk,0.63093,1.00000,1.00000,0.50000
dev,chunk,dev-tk-368,seen,legal,tk,1.00000,1.00000,1.00000,1.00000
dev,chunk,dev-tk-381,seen,search,tk,1.00000,1.00000,1.00000,1.00000
dev,chunk,dev-tk-392,seen,legal,tk,1.00000,1.00000,1.00000,1.00000
dev,chunk,dev-tk-42,seen,legal,tk,0.63093,1.00000,1.00000,0.50000
dev,chunk,dev-tk-43,seen,everyday,tk,1.00000,1.00000,1.00000,1.00000
dev,chunk,dev-tk-5,seen,search,tk,0.00000,0.00000,0.00000,0.00000
dev,chunk,dev-tk-45,seen,everyday,tk,0.63093,1.00000,1.00000,0.50000
dev,chunk,dev-zhk-119,seen,search,zhk,1.00000,1.00000,1.00000,1.00000
dev,chunk,dev-zhk-10,seen,everyday,zhk,0.00000,0.00000,0.00000,0.00000
dev,chunk,dev-zhk-133,seen,search,zhk,1.00000,1.00000,1.00000,1.00000
dev,chunk,dev-tk-88,seen,everyday,tk,1.00000,1.00000,1.00000,1.00000
dev,chunk,dev-zhk-149,seen,search,zhk,1.00000,1.00000,1.00000,1.00000
dev,chunk,dev-zhk-168,seen,search,zhk,1.00000,1.00000,1.00000,1.00000
dev,chunk,dev-zhk-187,seen,search,zhk,1.00000,1.00000,1.00000,1.00000
dev,chunk,dev-zhk-170,seen,everyday,zhk,1.00000,1.00000,1.00000,1.00000
dev,chunk,dev-zhk-172,seen,everyday,zhk,1.00000,1.00000,1.00000,1.00000
dev,chunk,dev-zhk-47,seen,search,zhk,0.63093,1.00000,1.00000,0.50000
dev,chunk,dev-zhk-198,seen,legal,zhk,1.00000,1.00000,1.00000,1.00000
dev,chunk,dev-zhk-26,seen,legal,zhk,1.00000,1.00000,1.00000,1.00000
dev,chunk,dev-zhk-93,seen,search,zhk,1.00000,1.00000,1.00000,1.00000
dev,chunk,dev-zhk-48,seen,everyday,zhk,0.50000,1.00000,1.00000,0.33333
dev,chunk,dev-zhk-74,seen,everyday,zhk,0.50000,1.00000,1.00000,0.33333
dev,chunk,dev-zhk-98.1,seen,legal,zhk,1.00000,1.00000,1.00000,1.00000
dev,chunk,dev-gk-1173,unseen_articles,search,gk,1.00000,1.00000,1.00000,1.00000
dev,chunk,dev-gk-1206,unseen_articles,search,gk,0.00000,0.00000,0.00000,0.00000
dev,chunk,dev-gk-1347,unseen_articles,search,gk,1.00000,1.00000,1.00000,1.00000
dev,chunk,dev-gk-1257,unseen_articles,legal,gk,1.00000,1.00000,1.00000,1.00000
dev,chunk,dev-gk-1279,unseen_articles,search,gk,1.00000,1.00000,1.00000,1.00000
dev,chunk,dev-gk-141.2,unseen_articles,everyday,gk,1.00000,1.00000,1.00000,1.00000
dev,chunk,dev-gk-1360.1,unseen_articles,everyday,gk,1.00000,1.00000,1.00000,1.00000
dev,chunk,dev-gk-1379,unseen_articles,everyday,gk,1.00000,1.00000,1.00000,1.00000
dev,chunk,dev-gk-149.3,unseen_articles,search,gk,0.50000,1.00000,1.00000,0.33333
dev,chunk,dev-gk-1524,unseen_articles,search,gk,0.38685,1.00000,1.00000,0.20000
dev,chunk,dev-gk-155,unseen_articles,legal,gk,1.00000,1.00000,1.00000,1.00000
dev,chunk,dev-gk-244,unseen_articles,legal,gk,1.00000,1.00000,1.00000,1.00000
dev,chunk,dev-gk-271,unseen_articles,legal,gk,1.00000,1.00000,1.00000,1.00000
dev,chunk,dev-gk-33,unseen_articles,legal,gk,1.00000,1.00000,1.00000,1.00000
dev,chunk,dev-gk-32,unseen_articles,everyday,gk,1.00000,1.00000,1.00000,1.00000
dev,chunk,dev-gk-358.1,unseen_articles,legal,gk,1.00000,1.00000,1.00000,1.00000
dev,chunk,dev-gk-475,unseen_articles,search,gk,0.35621,0.00000,1.00000,0.16667
dev,chunk,dev-gk-358.3,unseen_articles,everyday,gk,0.63093,1.00000,1.00000,0.50000
dev,chunk,dev-gk-48,unseen_articles,everyday,gk,1.00000,1.00000,1.00000,1.00000
dev,chunk,dev-gk-516,unseen_articles,legal,gk,1.00000,1.00000,1.00000,1.00000
dev,chunk,dev-gk-496,unseen_articles,everyday,gk,0.00000,0.00000,0.00000,0.00000
dev,chunk,dev-gk-533,unseen_articles,search,gk,1.00000,1.00000,1.00000,1.00000
dev,chunk,dev-gk-589,unseen_articles,search,gk,1.00000,1.00000,1.00000,1.00000
dev,chunk,dev-gk-686,unseen_articles,everyday,gk,0.43068,1.00000,1.00000,0.25000
dev,chunk,dev-gk-66.3,unseen_articles,everyday,gk,1.00000,1.00000,1.00000,1.00000
dev,chunk,dev-gk-764,unseen_articles,search,gk,1.00000,1.00000,1.00000,1.00000
dev,chunk,dev-gk-734,unseen_articles,everyday,gk,1.00000,1.00000,1.00000,1.00000
dev,chunk,dev-gk-8.1,unseen_articles,everyday,gk,0.63093,1.00000,1.00000,0.50000
dev,chunk,dev-gk-843,unseen_articles,search,gk,1.00000,1.00000,1.00000,1.00000
dev,chunk,dev-gk-834,unseen_articles,legal,gk,1.00000,1.00000,1.00000,1.00000
dev,chunk,dev-gk-859.1,unseen_articles,everyday,gk,1.00000,1.00000,1.00000,1.00000
dev,chunk,dev-gk-875,unseen_articles,everyday,gk,0.00000,0.00000,0.00000,0.00000
dev,chunk,dev-gk-884,unseen_articles,legal,gk,1.00000,1.00000,1.00000,1.00000
dev,chunk,dev-gk-944,unseen_articles,search,gk,0.63093,1.00000,1.00000,0.50000
dev,chunk,dev-gk-969,unseen_articles,legal,gk,1.00000,1.00000,1.00000,1.00000
dev,chunk,dev-gk-94,unseen_articles,legal,gk,0.63093,1.00000,1.00000,0.50000
dev,chunk,dev-koap-1.2,unseen_articles,legal,koap,1.00000,1.00000,1.00000,1.00000
dev,chunk,dev-koap-11.8.1,unseen_articles,legal,koap,1.00000,1.00000,1.00000,1.00000
dev,chunk,dev-koap-13.19.5,unseen_articles,search,koap,0.00000,0.00000,0.00000,0.00000
dev,chunk,dev-koap-11.14,unseen_articles,everyday,koap,1.00000,1.00000,1.00000,1.00000
dev,chunk,dev-koap-13.10,unseen_articles,everyday,koap,1.00000,1.00000,1.00000,1.00000
dev,chunk,dev-koap-13.28,unseen_articles,search,koap,1.00000,1.00000,1.00000,1.00000
dev,chunk,dev-koap-13.33,unseen_articles,search,koap,1.00000,1.00000,1.00000,1.00000
dev,chunk,dev-koap-14.10,unseen_articles,everyday,koap,0.43068,1.00000,1.00000,0.25000
dev,chunk,dev-koap-15.13,unseen_articles,legal,koap,1.00000,1.00000,1.00000,1.00000
dev,chunk,dev-koap-16.4,unseen_articles,legal,koap,1.00000,1.00000,1.00000,1.00000
dev,chunk,dev-koap-15.37.1,unseen_articles,everyday,koap,1.00000,1.00000,1.00000,1.00000
dev,chunk,dev-koap-19.21,unseen_articles,search,koap,1.00000,1.00000,1.00000,1.00000
dev,chunk,dev-koap-19.18,unseen_articles,everyday,koap,1.00000,1.00000,1.00000,1.00000
dev,chunk,dev-koap-19.6,unseen_articles,legal,koap,1.00000,1.00000,1.00000,1.00000
dev,chunk,dev-koap-19.8.1,unseen_articles,search,koap,0.00000,0.00000,0.00000,0.00000
dev,chunk,dev-koap-19.7.5-1,unseen_articles,legal,koap,1.00000,1.00000,1.00000,1.00000
dev,chunk,dev-koap-20.10,unseen_articles,everyday,koap,1.00000,1.00000,1.00000,1.00000
dev,chunk,dev-koap-23.28,unseen_articles,search,koap,1.00000,1.00000,1.00000,1.00000
dev,chunk,dev-koap-23.77,unseen_articles,legal,koap,0.63093,1.00000,1.00000,0.50000
dev,chunk,dev-koap-27.1,unseen_articles,search,koap,1.00000,1.00000,1.00000,1.00000
dev,chunk,dev-koap-5.66,unseen_articles,everyday,koap,0.63093,1.00000,1.00000,0.50000
dev,chunk,dev-koap-8.24,unseen_articles,everyday,koap,0.50000,1.00000,1.00000,0.33333
dev,chunk,dev-tk-151,unseen_articles,search,tk,1.00000,1.00000,1.00000,1.00000
dev,chunk,dev-tk-134,unseen_articles,legal,tk,1.00000,1.00000,1.00000,1.00000
dev,chunk,dev-tk-154,unseen_articles,search,tk,1.00000,1.00000,1.00000,1.00000
dev,chunk,dev-tk-311,unseen_articles,search,tk,1.00000,1.00000,1.00000,1.00000
dev,chunk,dev-tk-321,unseen_articles,everyday,tk,1.00000,1.00000,1.00000,1.00000
dev,chunk,dev-tk-328.1,unseen_articles,legal,tk,1.00000,1.00000,1.00000,1.00000
dev,chunk,dev-tk-336,unseen_articles,legal,tk,1.00000,1.00000,1.00000,1.00000
dev,chunk,dev-tk-46,unseen_articles,legal,tk,1.00000,1.00000,1.00000,1.00000
dev,chunk,dev-tk-60.2,unseen_articles,legal,tk,1.00000,1.00000,1.00000,1.00000
dev,chunk,dev-tk-47,unseen_articles,everyday,tk,1.00000,1.00000,1.00000,1.00000
dev,chunk,dev-zhk-118,unseen_articles,search,zhk,1.00000,1.00000,1.00000,1.00000
dev,chunk,dev-tk-84,unseen_articles,legal,tk,1.00000,1.00000,1.00000,1.00000
dev,chunk,dev-zhk-152,unseen_articles,legal,zhk,1.00000,1.00000,1.00000,1.00000
dev,chunk,dev-zhk-20,unseen_articles,search,zhk,0.63093,1.00000,1.00000,0.50000
dev,chunk,dev-zhk-22,unseen_articles,search,zhk,0.63093,1.00000,1.00000,0.50000
dev,chunk,dev-zhk-91.1,unseen_articles,everyday,zhk,0.63093,1.00000,1.00000,0.50000
test,chunk,test-gk-1,seen,search,gk,1.00000,1.00000,1.00000,1.00000
test,chunk,test-gk-1017,seen,legal,gk,1.00000,1.00000,1.00000,1.00000
test,chunk,test-gk-1049,seen,search,gk,1.00000,1.00000,1.00000,1.00000
test,chunk,test-gk-1000,seen,everyday,gk,0.00000,0.00000,0.00000,0.00000
test,chunk,test-gk-1056,seen,search,gk,1.00000,1.00000,1.00000,1.00000
test,chunk,test-gk-1046,seen,everyday,gk,1.00000,1.00000,1.00000,1.00000
test,chunk,test-gk-1070,seen,legal,gk,1.00000,1.00000,1.00000,1.00000
test,chunk,test-gk-1077,seen,legal,gk,1.00000,1.00000,1.00000,1.00000
test,chunk,test-gk-1075,seen,everyday,gk,1.00000,1.00000,1.00000,1.00000
test,chunk,test-gk-1090,seen,search,gk,1.00000,1.00000,1.00000,1.00000
test,chunk,test-gk-1085,seen,everyday,gk,1.00000,1.00000,1.00000,1.00000
test,chunk,test-gk-1079,seen,everyday,gk,0.35621,0.00000,1.00000,0.16667
test,chunk,test-gk-1143,seen,legal,gk,1.00000,1.00000,1.00000,1.00000
test,chunk,test-gk-1157,seen,legal,gk,1.00000,1.00000,1.00000,1.00000
test,chunk,test-gk-1144,seen,everyday,gk,0.63093,1.00000,1.00000,0.50000
test,chunk,test-gk-1221,seen,legal,gk,1.00000,1.00000,1.00000,1.00000
test,chunk,test-gk-123.1,seen,search,gk,0.63093,1.00000,1.00000,0.50000
test,chunk,test-gk-123.20-5,seen,search,gk,1.00000,1.00000,1.00000,1.00000
test,chunk,test-gk-123.11,seen,everyday,gk,1.00000,1.00000,1.00000,1.00000
test,chunk,test-gk-123.16-3,seen,everyday,gk,1.00000,1.00000,1.00000,1.00000
test,chunk,test-gk-1237,seen,search,gk,1.00000,1.00000,1.00000,1.00000
test,chunk,test-gk-1231,seen,legal,gk,1.00000,1.00000,1.00000,1.00000
test,chunk,test-gk-1236,seen,everyday,gk,0.00000,0.00000,0.00000,0.00000
test,chunk,test-gk-1241,seen,search,gk,1.00000,1.00000,1.00000,1.00000
test,chunk,test-gk-1278,seen,search,gk,1.00000,1.00000,1.00000,1.00000
test,chunk,test-gk-1276,seen,everyday,gk,1.00000,1.00000,1.00000,1.00000
test,chunk,test-gk-1287,seen,legal,gk,1.00000,1.00000,1.00000,1.00000
test,chunk,test-gk-1296,seen,legal,gk,1.00000,1.00000,1.00000,1.00000
test,chunk,test-gk-13,seen,legal,gk,1.00000,1.00000,1.00000,1.00000
test,chunk,test-gk-1300,seen,everyday,gk,1.00000,1.00000,1.00000,1.00000
test,chunk,test-gk-1321,seen,everyday,gk,0.35621,0.00000,1.00000,0.16667
test,chunk,test-gk-1328,seen,everyday,gk,0.00000,0.00000,0.00000,0.00000
test,chunk,test-gk-133.1,seen,legal,gk,1.00000,1.00000,1.00000,1.00000
test,chunk,test-gk-1331,seen,search,gk,1.00000,1.00000,1.00000,1.00000
test,chunk,test-gk-1357,seen,legal,gk,1.00000,1.00000,1.00000,1.00000
test,chunk,test-gk-1359,seen,everyday,gk,0.00000,0.00000,0.00000,0.00000
test,chunk,test-gk-1369,seen,everyday,gk,1.00000,1.00000,1.00000,1.00000
test,chunk,test-gk-1373,seen,legal,gk,1.00000,1.00000,1.00000,1.00000
test,chunk,test-gk-1398,seen,everyday,gk,0.63093,1.00000,1.00000,0.50000
test,chunk,test-gk-1418,seen,everyday,gk,0.00000,0.00000,0.00000,0.00000
test,chunk,test-gk-1447,seen,legal,gk,1.00000,1.00000,1.00000,1.00000
test,chunk,test-gk-1427,seen,legal,gk,1.00000,1.00000,1.00000,1.00000
test,chunk,test-gk-1471,seen,search,gk,1.00000,1.00000,1.00000,1.00000
test,chunk,test-gk-1474,seen,search,gk,1.00000,1.00000,1.00000,1.00000
test,chunk,test-gk-1483,seen,search,gk,1.00000,1.00000,1.00000,1.00000
test,chunk,test-gk-1494,seen,search,gk,1.00000,1.00000,1.00000,1.00000
test,chunk,test-gk-1501,seen,legal,gk,1.00000,1.00000,1.00000,1.00000
test,chunk,test-gk-1504,seen,legal,gk,0.63093,1.00000,1.00000,0.50000
test,chunk,test-gk-1496,seen,legal,gk,1.00000,1.00000,1.00000,1.00000
test,chunk,test-gk-1525,seen,legal,gk,1.00000,1.00000,1.00000,1.00000
test,chunk,test-gk-169,seen,search,gk,0.43068,1.00000,1.00000,0.25000
test,chunk,test-gk-1523,seen,everyday,gk,0.63093,1.00000,1.00000,0.50000
test,chunk,test-gk-177,seen,search,gk,1.00000,1.00000,1.00000,1.00000
test,chunk,test-gk-178,seen,search,gk,1.00000,1.00000,1.00000,1.00000
test,chunk,test-gk-181.3,seen,legal,gk,1.00000,1.00000,1.00000,1.00000
test,chunk,test-gk-188,seen,search,gk,1.00000,1.00000,1.00000,1.00000
test,chunk,test-gk-183,seen,legal,gk,0.63093,1.00000,1.00000,0.50000
test,chunk,test-gk-189,seen,search,gk,1.00000,1.00000,1.00000,1.00000
test,chunk,test-gk-199,seen,search,gk,0.63093,1.00000,1.00000,0.50000
test,chunk,test-gk-23,seen,legal,gk,0.63093,1.00000,1.00000,0.50000
test,chunk,test-gk-237,seen,everyday,gk,1.00000,1.00000,1.00000,1.00000
test,chunk,test-gk-239,seen,search,gk,0.63093,1.00000,1.00000,0.50000
test,chunk,test-gk-233,seen,everyday,gk,1.00000,1.00000,1.00000,1.00000
test,chunk,test-gk-239.2,seen,legal,gk,1.00000,1.00000,1.00000,1.00000
test,chunk,test-gk-264,seen,legal,gk,1.00000,1.00000,1.00000,1.00000
test,chunk,test-gk-274,seen,legal,gk,1.00000,1.00000,1.00000,1.00000
test,chunk,test-gk-287.5,seen,search,gk,0.63093,1.00000,1.00000,0.50000
test,chunk,test-gk-277,seen,everyday,gk,0.35621,0.00000,1.00000,0.16667
test,chunk,test-gk-284,seen,everyday,gk,0.33333,0.00000,1.00000,0.14286
test,chunk,test-gk-298,seen,everyday,gk,0.00000,0.00000,0.00000,0.00000
test,chunk,test-gk-299,seen,search,gk,1.00000,1.00000,1.00000,1.00000
test,chunk,test-gk-322,seen,search,gk,1.00000,1.00000,1.00000,1.00000
test,chunk,test-gk-308,seen,everyday,gk,0.31546,0.00000,1.00000,0.12500
test,chunk,test-gk-328,seen,everyday,gk,0.00000,0.00000,0.00000,0.00000
test,chunk,test-gk-333,seen,legal,gk,1.00000,1.00000,1.00000,1.00000
test,chunk,test-gk-354,seen,legal,gk,1.00000,1.00000,1.00000,1.00000
test,chunk,test-gk-358.14,seen,search,gk,1.00000,1.00000,1.00000,1.00000
test,chunk,test-gk-356,seen,legal,gk,1.00000,1.00000,1.00000,1.00000
test,chunk,test-gk-358.6,seen,search,gk,1.00000,1.00000,1.00000,1.00000
test,chunk,test-gk-360,seen,search,gk,1.00000,1.00000,1.00000,1.00000
test,chunk,test-gk-358.7,seen,legal,gk,1.00000,1.00000,1.00000,1.00000
test,chunk,test-gk-368,seen,search,gk,1.00000,1.00000,1.00000,1.00000
test,chunk,test-gk-37,seen,search,gk,1.00000,1.00000,1.00000,1.00000
test,chunk,test-gk-384,seen,search,gk,0.63093,1.00000,1.00000,0.50000
test,chunk,test-gk-392.3,seen,search,gk,1.00000,1.00000,1.00000,1.00000
test,chunk,test-gk-396,seen,legal,gk,1.00000,1.00000,1.00000,1.00000
test,chunk,test-gk-403,seen,legal,gk,1.00000,1.00000,1.00000,1.00000
test,chunk,test-gk-399,seen,everyday,gk,1.00000,1.00000,1.00000,1.00000
test,chunk,test-gk-42,seen,legal,gk,1.00000,1.00000,1.00000,1.00000
test,chunk,test-gk-406.1,seen,everyday,gk,1.00000,1.00000,1.00000,1.00000
test,chunk,test-gk-469,seen,search,gk,1.00000,1.00000,1.00000,1.00000
test,chunk,test-gk-45,seen,everyday,gk,1.00000,1.00000,1.00000,1.00000
test,chunk,test-gk-547,seen,search,gk,1.00000,1.00000,1.00000,1.00000
test,chunk,test-gk-542,seen,everyday,gk,0.63093,1.00000,1.00000,0.50000
test,chunk,test-gk-550,seen,legal,gk,1.00000,1.00000,1.00000,1.00000
test,chunk,test-gk-606,seen,search,gk,1.00000,1.00000,1.00000,1.00000
test,chunk,test-gk-57,seen,legal,gk,1.00000,1.00000,1.00000,1.00000
test,chunk,test-gk-610,seen,search,gk,1.00000,1.00000,1.00000,1.00000
test,chunk,test-gk-624,seen,search,gk,1.00000,1.00000,1.00000,1.00000
test,chunk,test-gk-638,seen,search,gk,1.00000,1.00000,1.00000,1.00000
test,chunk,test-gk-63,seen,everyday,gk,0.63093,1.00000,1.00000,0.50000
test,chunk,test-gk-636,seen,legal,gk,0.63093,1.00000,1.00000,0.50000
test,chunk,test-gk-64.2,seen,search,gk,1.00000,1.00000,1.00000,1.00000
test,chunk,test-gk-651,seen,search,gk,1.00000,1.00000,1.00000,1.00000
test,chunk,test-gk-65.3,seen,legal,gk,1.00000,1.00000,1.00000,1.00000
test,chunk,test-gk-67.1,seen,search,gk,1.00000,1.00000,1.00000,1.00000
test,chunk,test-gk-690,seen,search,gk,0.43068,1.00000,1.00000,0.25000
test,chunk,test-gk-692,seen,search,gk,1.00000,1.00000,1.00000,1.00000
test,chunk,test-gk-683,seen,legal,gk,1.00000,1.00000,1.00000,1.00000
test,chunk,test-gk-722,seen,legal,gk,1.00000,1.00000,1.00000,1.00000
test,chunk,test-gk-695,seen,everyday,gk,1.00000,1.00000,1.00000,1.00000
test,chunk,test-gk-745,seen,everyday,gk,0.63093,1.00000,1.00000,0.50000
test,chunk,test-gk-763,seen,legal,gk,0.63093,1.00000,1.00000,0.50000
test,chunk,test-gk-747,seen,everyday,gk,0.63093,1.00000,1.00000,0.50000
test,chunk,test-gk-777,seen,search,gk,1.00000,1.00000,1.00000,1.00000
test,chunk,test-gk-818,seen,everyday,gk,1.00000,1.00000,1.00000,1.00000
test,chunk,test-gk-808,seen,legal,gk,1.00000,1.00000,1.00000,1.00000
test,chunk,test-gk-782,seen,everyday,gk,0.43068,1.00000,1.00000,0.25000
test,chunk,test-gk-858,seen,search,gk,1.00000,1.00000,1.00000,1.00000
test,chunk,test-gk-846,seen,everyday,gk,1.00000,1.00000,1.00000,1.00000
test,chunk,test-gk-860.11,seen,everyday,gk,1.00000,1.00000,1.00000,1.00000
test,chunk,test-gk-860.13,seen,search,gk,1.00000,1.00000,1.00000,1.00000
test,chunk,test-gk-860.5,seen,search,gk,1.00000,1.00000,1.00000,1.00000
test,chunk,test-gk-864,seen,search,gk,1.00000,1.00000,1.00000,1.00000
test,chunk,test-gk-860.14,seen,legal,gk,1.00000,1.00000,1.00000,1.00000
test,chunk,test-gk-88,seen,search,gk,1.00000,1.00000,1.00000,1.00000
test,chunk,test-gk-883,seen,search,gk,1.00000,1.00000,1.00000,1.00000
test,chunk,test-gk-866,seen,search,gk,1.00000,1.00000,1.00000,1.00000
test,chunk,test-gk-889,seen,legal,gk,0.50000,1.00000,1.00000,0.33333
test,chunk,test-gk-907,seen,legal,gk,1.00000,1.00000,1.00000,1.00000
test,chunk,test-gk-899,seen,everyday,gk,1.00000,1.00000,1.00000,1.00000
test,chunk,test-gk-920,seen,search,gk,1.00000,1.00000,1.00000,1.00000
test,chunk,test-gk-935,seen,search,gk,1.00000,1.00000,1.00000,1.00000
test,chunk,test-gk-93,seen,legal,gk,1.00000,1.00000,1.00000,1.00000
test,chunk,test-gk-926.3,seen,legal,gk,1.00000,1.00000,1.00000,1.00000
test,chunk,test-gk-96,seen,search,gk,1.00000,1.00000,1.00000,1.00000
test,chunk,test-gk-960,seen,everyday,gk,0.50000,1.00000,1.00000,0.33333
test,chunk,test-gk-990,seen,legal,gk,1.00000,1.00000,1.00000,1.00000
test,chunk,test-gk-978,seen,everyday,gk,1.00000,1.00000,1.00000,1.00000
test,chunk,test-gk-994,seen,search,gk,1.00000,1.00000,1.00000,1.00000
test,chunk,test-gk-995,seen,search,gk,1.00000,1.00000,1.00000,1.00000
test,chunk,test-koap-1.8,seen,search,koap,1.00000,1.00000,1.00000,1.00000
test,chunk,test-koap-11.13,seen,legal,koap,1.00000,1.00000,1.00000,1.00000
test,chunk,test-koap-11.4,seen,search,koap,1.00000,1.00000,1.00000,1.00000
test,chunk,test-koap-11.6.1,seen,legal,koap,1.00000,1.00000,1.00000,1.00000
test,chunk,test-koap-12.21.3,seen,search,koap,1.00000,1.00000,1.00000,1.00000
test,chunk,test-koap-12.30,seen,legal,koap,1.00000,1.00000,1.00000,1.00000
test,chunk,test-koap-12.4,seen,search,koap,0.63093,1.00000,1.00000,0.50000
test,chunk,test-koap-13.15,seen,search,koap,1.00000,1.00000,1.00000,1.00000
test,chunk,test-koap-13.23,seen,legal,koap,0.38685,1.00000,1.00000,0.20000
test,chunk,test-koap-13.44,seen,legal,koap,1.00000,1.00000,1.00000,1.00000
test,chunk,test-koap-13.33.1,seen,everyday,koap,0.63093,1.00000,1.00000,0.50000
test,chunk,test-koap-13.56,seen,search,koap,0.30103,0.00000,1.00000,0.11111
test,chunk,test-koap-13.45,seen,everyday,koap,0.38685,1.00000,1.00000,0.20000
test,chunk,test-koap-14.13,seen,legal,koap,1.00000,1.00000,1.00000,1.00000
test,chunk,test-koap-14.17.3,seen,search,koap,1.00000,1.00000,1.00000,1.00000
test,chunk,test-koap-14.33,seen,search,koap,1.00000,1.00000,1.00000,1.00000
test,chunk,test-koap-14.38,seen,search,koap,1.00000,1.00000,1.00000,1.00000
test,chunk,test-koap-14.46.2,seen,legal,koap,1.00000,1.00000,1.00000,1.00000
test,chunk,test-koap-14.56.1,seen,legal,koap,1.00000,1.00000,1.00000,1.00000
test,chunk,test-koap-14.52,seen,everyday,koap,1.00000,1.00000,1.00000,1.00000
test,chunk,test-koap-15.11,seen,everyday,koap,0.50000,1.00000,1.00000,0.33333
test,chunk,test-koap-15.15,seen,everyday,koap,1.00000,1.00000,1.00000,1.00000
test,chunk,test-koap-15.27.3,seen,legal,koap,1.00000,1.00000,1.00000,1.00000
test,chunk,test-koap-16.16,seen,search,koap,1.00000,1.00000,1.00000,1.00000
test,chunk,test-koap-16.1,seen,everyday,koap,0.00000,0.00000,0.00000,0.00000
test,chunk,test-koap-16.21,seen,search,koap,1.00000,1.00000,1.00000,1.00000
test,chunk,test-koap-19.27,seen,legal,koap,1.00000,1.00000,1.00000,1.00000
test,chunk,test-koap-17.13,seen,everyday,koap,0.33333,0.00000,1.00000,0.14286
test,chunk,test-koap-19.4.2,seen,everyday,koap,1.00000,1.00000,1.00000,1.00000
test,chunk,test-koap-19.7.11,seen,legal,koap,1.00000,1.00000,1.00000,1.00000
test,chunk,test-koap-19.8,seen,search,koap,1.00000,1.00000,1.00000,1.00000
test,chunk,test-koap-20.13,seen,search,koap,1.00000,1.00000,1.00000,1.00000
test,chunk,test-koap-20.14,seen,everyday,koap,1.00000,1.00000,1.00000,1.00000
test,chunk,test-koap-19.8.2,seen,everyday,koap,1.00000,1.00000,1.00000,1.00000
test,chunk,test-koap-20.17,seen,everyday,koap,1.00000,1.00000,1.00000,1.00000
test,chunk,test-koap-20.25,seen,search,koap,1.00000,1.00000,1.00000,1.00000
test,chunk,test-koap-20.24,seen,everyday,koap,1.00000,1.00000,1.00000,1.00000
test,chunk,test-koap-20.3.4,seen,everyday,koap,0.43068,1.00000,1.00000,0.25000
test,chunk,test-koap-20.3.3,seen,everyday,koap,1.00000,1.00000,1.00000,1.00000
test,chunk,test-koap-20.5.1,seen,everyday,koap,1.00000,1.00000,1.00000,1.00000
test,chunk,test-koap-23.15,seen,legal,koap,1.00000,1.00000,1.00000,1.00000
test,chunk,test-koap-20.6.1,seen,everyday,koap,0.00000,0.00000,0.00000,0.00000
test,chunk,test-koap-23.34,seen,everyday,koap,1.00000,1.00000,1.00000,1.00000
test,chunk,test-koap-23.26.1,seen,everyday,koap,1.00000,1.00000,1.00000,1.00000
test,chunk,test-koap-23.36.2,seen,everyday,koap,1.00000,1.00000,1.00000,1.00000
test,chunk,test-koap-23.42,seen,legal,koap,1.00000,1.00000,1.00000,1.00000
test,chunk,test-koap-23.55,seen,everyday,koap,1.00000,1.00000,1.00000,1.00000
test,chunk,test-koap-23.88,seen,search,koap,1.00000,1.00000,1.00000,1.00000
test,chunk,test-koap-23.86,seen,legal,koap,1.00000,1.00000,1.00000,1.00000
test,chunk,test-koap-27.14,seen,search,koap,1.00000,1.00000,1.00000,1.00000
test,chunk,test-koap-26.1,seen,legal,koap,1.00000,1.00000,1.00000,1.00000
test,chunk,test-koap-24.4,seen,everyday,koap,0.00000,0.00000,0.00000,0.00000
test,chunk,test-koap-27.15,seen,search,koap,1.00000,1.00000,1.00000,1.00000
test,chunk,test-koap-28.10,seen,search,koap,1.00000,1.00000,1.00000,1.00000
test,chunk,test-koap-28.5,seen,legal,koap,1.00000,1.00000,1.00000,1.00000
test,chunk,test-koap-27.20,seen,everyday,koap,1.00000,1.00000,1.00000,1.00000
test,chunk,test-koap-29.6,seen,search,koap,1.00000,1.00000,1.00000,1.00000
test,chunk,test-koap-3.4,seen,search,koap,0.50000,1.00000,1.00000,0.33333
test,chunk,test-koap-29.9,seen,everyday,koap,0.35621,0.00000,1.00000,0.16667
test,chunk,test-koap-3.13,seen,everyday,koap,0.00000,0.00000,0.00000,0.00000
test,chunk,test-koap-30.12,seen,everyday,koap,0.63093,1.00000,1.00000,0.50000
test,chunk,test-koap-30.15,seen,legal,koap,0.30103,0.00000,1.00000,0.11111
test,chunk,test-koap-31.10,seen,legal,koap,1.00000,1.00000,1.00000,1.00000
test,chunk,test-koap-31.8,seen,legal,koap,1.00000,1.00000,1.00000,1.00000
test,chunk,test-koap-31.7,seen,everyday,koap,0.30103,0.00000,1.00000,0.11111
test,chunk,test-koap-4.6,seen,everyday,koap,0.63093,1.00000,1.00000,0.50000
test,chunk,test-koap-5.27.2,seen,legal,koap,1.00000,1.00000,1.00000,1.00000
test,chunk,test-koap-4.7,seen,everyday,koap,0.00000,0.00000,0.00000,0.00000
test,chunk,test-koap-5.41,seen,search,koap,1.00000,1.00000,1.00000,1.00000
test,chunk,test-koap-5.40,seen,everyday,koap,1.00000,1.00000,1.00000,1.00000
test,chunk,test-koap-5.61.1,seen,search,koap,1.00000,1.00000,1.00000,1.00000
test,chunk,test-koap-5.46,seen,legal,koap,1.00000,1.00000,1.00000,1.00000
test,chunk,test-koap-5.8,seen,search,koap,0.50000,1.00000,1.00000,0.33333
test,chunk,test-koap-5.63,seen,everyday,koap,0.28906,0.00000,1.00000,0.10000
test,chunk,test-koap-6.21,seen,everyday,koap,0.63093,1.00000,1.00000,0.50000
test,chunk,test-koap-6.23,seen,legal,koap,1.00000,1.00000,1.00000,1.00000
test,chunk,test-koap-6.3.1,seen,search,koap,0.63093,1.00000,1.00000,0.50000
test,chunk,test-koap-6.28,seen,legal,koap,1.00000,1.00000,1.00000,1.00000
test,chunk,test-koap-7.12,seen,legal,koap,1.00000,1.00000,1.00000,1.00000
test,chunk,test-koap-6.9,seen,legal,koap,0.50000,1.00000,1.00000,0.33333
test,chunk,test-koap-6.32,seen,everyday,koap,1.00000,1.00000,1.00000,1.00000
test,chunk,test-koap-7.20,seen,legal,koap,1.00000,1.00000,1.00000,1.00000
test,chunk,test-koap-7.32.6,seen,legal,koap,1.00000,1.00000,1.00000,1.00000
test,chunk,test-koap-7.35,seen,search,koap,1.00000,1.00000,1.00000,1.00000
test,chunk,test-koap-8.14,seen,legal,koap,1.00000,1.00000,1.00000,1.00000
test,chunk,test-koap-8.28,seen,everyday,koap,1.00000,1.00000,1.00000,1.00000
test,chunk,test-koap-8.34,seen,everyday,koap,1.00000,1.00000,1.00000,1.00000
test,chunk,test-koap-8.47,seen,search,koap,1.00000,1.00000,1.00000,1.00000
test,chunk,test-tk-130,seen,legal,tk,0.63093,1.00000,1.00000,0.50000
test,chunk,test-tk-131,seen,legal,tk,1.00000,1.00000,1.00000,1.00000
test,chunk,test-koap-9.7,seen,everyday,koap,1.00000,1.00000,1.00000,1.00000
test,chunk,test-tk-14,seen,search,tk,1.00000,1.00000,1.00000,1.00000
test,chunk,test-tk-173,seen,legal,tk,0.63093,1.00000,1.00000,0.50000
test,chunk,test-tk-138,seen,everyday,tk,1.00000,1.00000,1.00000,1.00000
test,chunk,test-tk-18,seen,legal,tk,1.00000,1.00000,1.00000,1.00000
test,chunk,test-tk-180,seen,legal,tk,1.00000,1.00000,1.00000,1.00000
test,chunk,test-tk-209.1,seen,legal,tk,1.00000,1.00000,1.00000,1.00000
test,chunk,test-tk-214.2,seen,search,tk,1.00000,1.00000,1.00000,1.00000
test,chunk,test-tk-203,seen,everyday,tk,0.63093,1.00000,1.00000,0.50000
test,chunk,test-tk-216,seen,legal,tk,1.00000,1.00000,1.00000,1.00000
test,chunk,test-tk-219,seen,legal,tk,1.00000,1.00000,1.00000,1.00000
test,chunk,test-tk-216.2,seen,legal,tk,1.00000,1.00000,1.00000,1.00000
test,chunk,test-tk-222,seen,everyday,tk,1.00000,1.00000,1.00000,1.00000
test,chunk,test-tk-229,seen,legal,tk,1.00000,1.00000,1.00000,1.00000
test,chunk,test-tk-229.1,seen,everyday,tk,1.00000,1.00000,1.00000,1.00000
test,chunk,test-tk-229.2,seen,search,tk,1.00000,1.00000,1.00000,1.00000
test,chunk,test-tk-231,seen,search,tk,0.00000,0.00000,0.00000,0.00000
test,chunk,test-tk-253,seen,search,tk,1.00000,1.00000,1.00000,1.00000
test,chunk,test-tk-248,seen,legal,tk,1.00000,1.00000,1.00000,1.00000
test,chunk,test-tk-255,seen,legal,tk,1.00000,1.00000,1.00000,1.00000
test,chunk,test-tk-278,seen,search,tk,1.00000,1.00000,1.00000,1.00000
test,chunk,test-tk-296,seen,search,tk,1.00000,1.00000,1.00000,1.00000
test,chunk,test-tk-290,seen,legal,tk,1.00000,1.00000,1.00000,1.00000
test,chunk,test-tk-312.2,seen,search,tk,1.00000,1.00000,1.00000,1.00000
test,chunk,test-tk-314,seen,search,tk,1.00000,1.00000,1.00000,1.00000
test,chunk,test-tk-308,seen,everyday,tk,1.00000,1.00000,1.00000,1.00000
test,chunk,test-tk-324,seen,search,tk,1.00000,1.00000,1.00000,1.00000
test,chunk,test-tk-319,seen,legal,tk,1.00000,1.00000,1.00000,1.00000
test,chunk,test-tk-338,seen,search,tk,1.00000,1.00000,1.00000,1.00000
test,chunk,test-tk-331,seen,everyday,tk,1.00000,1.00000,1.00000,1.00000
test,chunk,test-tk-350,seen,search,tk,1.00000,1.00000,1.00000,1.00000
test,chunk,test-tk-339,seen,legal,tk,1.00000,1.00000,1.00000,1.00000
test,chunk,test-tk-351.7,seen,legal,tk,1.00000,1.00000,1.00000,1.00000
test,chunk,test-tk-378,seen,legal,tk,1.00000,1.00000,1.00000,1.00000
test,chunk,test-tk-39,seen,search,tk,1.00000,1.00000,1.00000,1.00000
test,chunk,test-tk-386,seen,search,tk,1.00000,1.00000,1.00000,1.00000
test,chunk,test-tk-407,seen,legal,tk,1.00000,1.00000,1.00000,1.00000
test,chunk,test-tk-415,seen,everyday,tk,0.00000,0.00000,0.00000,0.00000
test,chunk,test-tk-403,seen,legal,tk,1.00000,1.00000,1.00000,1.00000
test,chunk,test-tk-74,seen,search,tk,0.63093,1.00000,1.00000,0.50000
test,chunk,test-tk-66.1,seen,legal,tk,0.50000,1.00000,1.00000,0.33333
test,chunk,test-zhk-104,seen,legal,zhk,1.00000,1.00000,1.00000,1.00000
test,chunk,test-tk-92,seen,everyday,tk,0.63093,1.00000,1.00000,0.50000
test,chunk,test-zhk-100,seen,everyday,zhk,0.00000,0.00000,0.00000,0.00000
test,chunk,test-zhk-174,seen,search,zhk,1.00000,1.00000,1.00000,1.00000
test,chunk,test-zhk-185,seen,legal,zhk,1.00000,1.00000,1.00000,1.00000
test,chunk,test-zhk-191,seen,legal,zhk,1.00000,1.00000,1.00000,1.00000
test,chunk,test-zhk-193,seen,legal,zhk,1.00000,1.00000,1.00000,1.00000
test,chunk,test-zhk-200,seen,everyday,zhk,0.50000,1.00000,1.00000,0.33333
test,chunk,test-zhk-33,seen,everyday,zhk,0.63093,1.00000,1.00000,0.50000
test,chunk,test-zhk-46,seen,everyday,zhk,1.00000,1.00000,1.00000,1.00000
test,chunk,test-zhk-47.1,seen,everyday,zhk,0.50000,1.00000,1.00000,0.33333
test,chunk,test-zhk-55,seen,everyday,zhk,1.00000,1.00000,1.00000,1.00000
test,chunk,test-zhk-57,seen,everyday,zhk,1.00000,1.00000,1.00000,1.00000
test,chunk,test-zhk-62,seen,search,zhk,0.63093,1.00000,1.00000,0.50000
test,chunk,test-zhk-91.10,seen,everyday,zhk,0.31546,0.00000,1.00000,0.12500
test,chunk,test-zhk-85,seen,everyday,zhk,0.63093,1.00000,1.00000,0.50000
test,chunk,test-zhk-91.14,seen,everyday,zhk,0.63093,1.00000,1.00000,0.50000
test,chunk,test-zhk-91.16,seen,everyday,zhk,0.30103,0.00000,1.00000,0.11111
test,chunk,test-zhk-91.19,seen,everyday,zhk,1.00000,1.00000,1.00000,1.00000
test,chunk,test-zhk-91.20,seen,everyday,zhk,1.00000,1.00000,1.00000,1.00000
test,chunk,test-gk-1019,unseen_articles,legal,gk,1.00000,1.00000,1.00000,1.00000
test,chunk,test-zhk-91.9,seen,everyday,zhk,1.00000,1.00000,1.00000,1.00000
test,chunk,test-gk-1045,unseen_articles,legal,gk,0.00000,0.00000,0.00000,0.00000
test,chunk,test-gk-1048,unseen_articles,legal,gk,1.00000,1.00000,1.00000,1.00000
test,chunk,test-gk-1055,unseen_articles,legal,gk,1.00000,1.00000,1.00000,1.00000
test,chunk,test-gk-1076,unseen_articles,search,gk,0.63093,1.00000,1.00000,0.50000
test,chunk,test-gk-1081,unseen_articles,legal,gk,0.00000,0.00000,0.00000,0.00000
test,chunk,test-gk-1084,unseen_articles,legal,gk,1.00000,1.00000,1.00000,1.00000
test,chunk,test-gk-1059,unseen_articles,everyday,gk,1.00000,1.00000,1.00000,1.00000
test,chunk,test-gk-1101,unseen_articles,everyday,gk,1.00000,1.00000,1.00000,1.00000
test,chunk,test-gk-1129,unseen_articles,legal,gk,1.00000,1.00000,1.00000,1.00000
test,chunk,test-gk-1117,unseen_articles,everyday,gk,0.31546,0.00000,1.00000,0.12500
test,chunk,test-gk-1132,unseen_articles,legal,gk,1.00000,1.00000,1.00000,1.00000
test,chunk,test-gk-1147,unseen_articles,search,gk,1.00000,1.00000,1.00000,1.00000
test,chunk,test-gk-1145,unseen_articles,legal,gk,1.00000,1.00000,1.00000,1.00000
test,chunk,test-gk-1162,unseen_articles,search,gk,1.00000,1.00000,1.00000,1.00000
test,chunk,test-gk-1170,unseen_articles,search,gk,1.00000,1.00000,1.00000,1.00000
test,chunk,test-gk-1175,unseen_articles,search,gk,1.00000,1.00000,1.00000,1.00000
test,chunk,test-gk-1190,unseen_articles,legal,gk,1.00000,1.00000,1.00000,1.00000
test,chunk,test-gk-1216,unseen_articles,legal,gk,1.00000,1.00000,1.00000,1.00000
test,chunk,test-gk-1182,unseen_articles,everyday,gk,1.00000,1.00000,1.00000,1.00000
test,chunk,test-gk-123.4,unseen_articles,search,gk,1.00000,1.00000,1.00000,1.00000
test,chunk,test-gk-1247,unseen_articles,search,gk,1.00000,1.00000,1.00000,1.00000
test,chunk,test-gk-1251,unseen_articles,legal,gk,0.63093,1.00000,1.00000,0.50000
test,chunk,test-gk-1258,unseen_articles,search,gk,1.00000,1.00000,1.00000,1.00000
test,chunk,test-gk-1254,unseen_articles,legal,gk,1.00000,1.00000,1.00000,1.00000
test,chunk,test-gk-1313,unseen_articles,everyday,gk,1.00000,1.00000,1.00000,1.00000
test,chunk,test-gk-1326,unseen_articles,legal,gk,1.00000,1.00000,1.00000,1.00000
test,chunk,test-gk-135,unseen_articles,everyday,gk,0.00000,0.00000,0.00000,0.00000
test,chunk,test-gk-136,unseen_articles,legal,gk,1.00000,1.00000,1.00000,1.00000
test,chunk,test-gk-1354,unseen_articles,everyday,gk,0.63093,1.00000,1.00000,0.50000
test,chunk,test-gk-1368,unseen_articles,search,gk,1.00000,1.00000,1.00000,1.00000
test,chunk,test-gk-1362,unseen_articles,legal,gk,1.00000,1.00000,1.00000,1.00000
test,chunk,test-gk-1376,unseen_articles,everyday,gk,1.00000,1.00000,1.00000,1.00000
test,chunk,test-gk-1386,unseen_articles,everyday,gk,0.50000,1.00000,1.00000,0.33333
test,chunk,test-gk-1415,unseen_articles,search,gk,1.00000,1.00000,1.00000,1.00000
test,chunk,test-gk-1436,unseen_articles,everyday,gk,0.63093,1.00000,1.00000,0.50000
test,chunk,test-gk-1439,unseen_articles,everyday,gk,1.00000,1.00000,1.00000,1.00000
test,chunk,test-gk-144,unseen_articles,legal,gk,1.00000,1.00000,1.00000,1.00000
test,chunk,test-gk-1443,unseen_articles,everyday,gk,0.38685,1.00000,1.00000,0.20000
test,chunk,test-gk-1449,unseen_articles,legal,gk,1.00000,1.00000,1.00000,1.00000
test,chunk,test-gk-1445,unseen_articles,everyday,gk,1.00000,1.00000,1.00000,1.00000
test,chunk,test-gk-1459,unseen_articles,search,gk,1.00000,1.00000,1.00000,1.00000
test,chunk,test-gk-149.4,unseen_articles,legal,gk,1.00000,1.00000,1.00000,1.00000
test,chunk,test-gk-1484,unseen_articles,everyday,gk,0.35621,0.00000,1.00000,0.16667
test,chunk,test-gk-174,unseen_articles,search,gk,1.00000,1.00000,1.00000,1.00000
test,chunk,test-gk-18,unseen_articles,search,gk,0.38685,1.00000,1.00000,0.20000
test,chunk,test-gk-1526,unseen_articles,everyday,gk,0.63093,1.00000,1.00000,0.50000
test,chunk,test-gk-200,unseen_articles,legal,gk,1.00000,1.00000,1.00000,1.00000
test,chunk,test-gk-212,unseen_articles,everyday,gk,1.00000,1.00000,1.00000,1.00000
test,chunk,test-gk-213,unseen_articles,legal,gk,1.00000,1.00000,1.00000,1.00000
test,chunk,test-gk-208,unseen_articles,everyday,gk,0.00000,0.00000,0.00000,0.00000
test,chunk,test-gk-229,unseen_articles,search,gk,1.00000,1.00000,1.00000,1.00000
test,chunk,test-gk-219,unseen_articles,everyday,gk,0.35621,0.00000,1.00000,0.16667
test,chunk,test-gk-245,unseen_articles,legal,gk,1.00000,1.00000,1.00000,1.00000
test,chunk,test-gk-242,unseen_articles,everyday,gk,0.63093,1.00000,1.00000,0.50000
test,chunk,test-gk-248,unseen_articles,search,gk,1.00000,1.00000,1.00000,1.00000
test,chunk,test-gk-31,unseen_articles,search,gk,1.00000,1.00000,1.00000,1.00000
test,chunk,test-gk-310,unseen_articles,search,gk,0.63093,1.00000,1.00000,0.50000
test,chunk,test-gk-281,unseen_articles,everyday,gk,1.00000,1.00000,1.00000,1.00000
test,chunk,test-gk-350.2,unseen_articles,search,gk,1.00000,1.00000,1.00000,1.00000
test,chunk,test-gk-358.10,unseen_articles,search,gk,0.63093,1.00000,1.00000,0.50000
test,chunk,test-gk-370,unseen_articles,search,gk,0.63093,1.00000,1.00000,0.50000
test,chunk,test-gk-419,unseen_articles,search,gk,1.00000,1.00000,1.00000,1.00000
test,chunk,test-gk-408,unseen_articles,everyday,gk,0.63093,1.00000,1.00000,0.50000
test,chunk,test-gk-432,unseen_articles,legal,gk,1.00000,1.00000,1.00000,1.00000
test,chunk,test-gk-466,unseen_articles,legal,gk,1.00000,1.00000,1.00000,1.00000
test,chunk,test-gk-429.1,unseen_articles,everyday,gk,0.00000,0.00000,0.00000,0.00000
test,chunk,test-gk-480,unseen_articles,search,gk,0.63093,1.00000,1.00000,0.50000
test,chunk,test-gk-484,unseen_articles,everyday,gk,1.00000,1.00000,1.00000,1.00000
test,chunk,test-gk-51,unseen_articles,everyday,gk,0.63093,1.00000,1.00000,0.50000
test,chunk,test-gk-524,unseen_articles,search,gk,1.00000,1.00000,1.00000,1.00000
test,chunk,test-gk-507,unseen_articles,everyday,gk,0.43068,1.00000,1.00000,0.25000
test,chunk,test-gk-567,unseen_articles,legal,gk,0.63093,1.00000,1.00000,0.50000
test,chunk,test-gk-552,unseen_articles,everyday,gk,1.00000,1.00000,1.00000,1.00000
test,chunk,test-gk-565,unseen_articles,everyday,gk,1.00000,1.00000,1.00000,1.00000
test,chunk,test-gk-599,unseen_articles,search,gk,0.35621,0.00000,1.00000,0.16667
test,chunk,test-gk-588,unseen_articles,everyday,gk,1.00000,1.00000,1.00000,1.00000
test,chunk,test-gk-61,unseen_articles,search,gk,1.00000,1.00000,1.00000,1.00000
test,chunk,test-gk-627,unseen_articles,search,gk,1.00000,1.00000,1.00000,1.00000
test,chunk,test-gk-60.2,unseen_articles,legal,gk,1.00000,1.00000,1.00000,1.00000
test,chunk,test-gk-644,unseen_articles,everyday,gk,0.63093,1.00000,1.00000,0.50000
test,chunk,test-gk-642,unseen_articles,everyday,gk,1.00000,1.00000,1.00000,1.00000
test,chunk,test-gk-653,unseen_articles,legal,gk,1.00000,1.00000,1.00000,1.00000
test,chunk,test-gk-654,unseen_articles,legal,gk,1.00000,1.00000,1.00000,1.00000
test,chunk,test-gk-675,unseen_articles,search,gk,0.63093,1.00000,1.00000,0.50000
test,chunk,test-gk-66.2,unseen_articles,everyday,gk,1.00000,1.00000,1.00000,1.00000
test,chunk,test-gk-672,unseen_articles,everyday,gk,1.00000,1.00000,1.00000,1.00000
test,chunk,test-gk-724,unseen_articles,search,gk,1.00000,1.00000,1.00000,1.00000
test,chunk,test-gk-712,unseen_articles,everyday,gk,0.43068,1.00000,1.00000,0.25000
test,chunk,test-gk-731,unseen_articles,legal,gk,0.00000,0.00000,0.00000,0.00000
test,chunk,test-gk-737,unseen_articles,legal,gk,0.63093,1.00000,1.00000,0.50000
test,chunk,test-gk-746,unseen_articles,legal,gk,0.43068,1.00000,1.00000,0.25000
test,chunk,test-gk-770,unseen_articles,search,gk,0.00000,0.00000,0.00000,0.00000
test,chunk,test-gk-74,unseen_articles,everyday,gk,1.00000,1.00000,1.00000,1.00000
test,chunk,test-gk-776,unseen_articles,search,gk,1.00000,1.00000,1.00000,1.00000
test,chunk,test-gk-771,unseen_articles,everyday,gk,0.35621,0.00000,1.00000,0.16667
test,chunk,test-gk-841,unseen_articles,search,gk,1.00000,1.00000,1.00000,1.00000
test,chunk,test-gk-804,unseen_articles,everyday,gk,1.00000,1.00000,1.00000,1.00000
test,chunk,test-gk-849,unseen_articles,search,gk,1.00000,1.00000,1.00000,1.00000
test,chunk,test-gk-852,unseen_articles,search,gk,1.00000,1.00000,1.00000,1.00000
test,chunk,test-gk-860.15,unseen_articles,search,gk,1.00000,1.00000,1.00000,1.00000
test,chunk,test-gk-867,unseen_articles,search,gk,1.00000,1.00000,1.00000,1.00000
test,chunk,test-gk-89,unseen_articles,search,gk,0.63093,1.00000,1.00000,0.50000
test,chunk,test-gk-860.8,unseen_articles,legal,gk,1.00000,1.00000,1.00000,1.00000
test,chunk,test-gk-92,unseen_articles,search,gk,1.00000,1.00000,1.00000,1.00000
test,chunk,test-gk-982,unseen_articles,everyday,gk,0.00000,0.00000,0.00000,0.00000
test,chunk,test-koap-1.4,unseen_articles,legal,koap,1.00000,1.00000,1.00000,1.00000
test,chunk,test-gk-991,unseen_articles,everyday,gk,0.00000,0.00000,0.00000,0.00000
test,chunk,test-koap-11.20,unseen_articles,legal,koap,1.00000,1.00000,1.00000,1.00000
test,chunk,test-koap-13.13,unseen_articles,legal,koap,1.00000,1.00000,1.00000,1.00000
test,chunk,test-koap-10.14,unseen_articles,everyday,koap,1.00000,1.00000,1.00000,1.00000
test,chunk,test-koap-13.14.1,unseen_articles,legal,koap,1.00000,1.00000,1.00000,1.00000
test,chunk,test-koap-13.22,unseen_articles,legal,koap,1.00000,1.00000,1.00000,1.00000
test,chunk,test-koap-13.39,unseen_articles,everyday,koap,1.00000,1.00000,1.00000,1.00000
test,chunk,test-koap-13.25,unseen_articles,everyday,koap,1.00000,1.00000,1.00000,1.00000
test,chunk,test-koap-13.49,unseen_articles,legal,koap,0.38685,1.00000,1.00000,0.20000
test,chunk,test-koap-14.15,unseen_articles,search,koap,1.00000,1.00000,1.00000,1.00000
test,chunk,test-koap-14.16,unseen_articles,search,koap,1.00000,1.00000,1.00000,1.00000
test,chunk,test-koap-14.15.3,unseen_articles,legal,koap,1.00000,1.00000,1.00000,1.00000
test,chunk,test-koap-14.35,unseen_articles,search,koap,0.00000,0.00000,0.00000,0.00000
test,chunk,test-koap-14.46.1,unseen_articles,search,koap,1.00000,1.00000,1.00000,1.00000
test,chunk,test-koap-14.27,unseen_articles,everyday,koap,1.00000,1.00000,1.00000,1.00000
test,chunk,test-koap-14.57,unseen_articles,everyday,koap,1.00000,1.00000,1.00000,1.00000
test,chunk,test-koap-14.64,unseen_articles,legal,koap,1.00000,1.00000,1.00000,1.00000
test,chunk,test-koap-15.23.1,unseen_articles,search,koap,1.00000,1.00000,1.00000,1.00000
test,chunk,test-koap-15.35,unseen_articles,legal,koap,1.00000,1.00000,1.00000,1.00000
test,chunk,test-koap-15.26,unseen_articles,everyday,koap,1.00000,1.00000,1.00000,1.00000
test,chunk,test-koap-15.30,unseen_articles,everyday,koap,1.00000,1.00000,1.00000,1.00000
test,chunk,test-koap-17.3,unseen_articles,search,koap,1.00000,1.00000,1.00000,1.00000
test,chunk,test-koap-17.17,unseen_articles,legal,koap,1.00000,1.00000,1.00000,1.00000
test,chunk,test-koap-18.2,unseen_articles,legal,koap,1.00000,1.00000,1.00000,1.00000
test,chunk,test-koap-17.2,unseen_articles,everyday,koap,1.00000,1.00000,1.00000,1.00000
test,chunk,test-koap-18.16,unseen_articles,everyday,koap,1.00000,1.00000,1.00000,1.00000
test,chunk,test-koap-19.4.1,unseen_articles,search,koap,0.50000,1.00000,1.00000,0.33333
test,chunk,test-koap-19.22,unseen_articles,everyday,koap,1.00000,1.00000,1.00000,1.00000
test,chunk,test-koap-19.7,unseen_articles,legal,koap,0.50000,1.00000,1.00000,0.33333
test,chunk,test-koap-19.7.8,unseen_articles,search,koap,1.00000,1.00000,1.00000,1.00000
test,chunk,test-koap-2.9.1,unseen_articles,legal,koap,1.00000,1.00000,1.00000,1.00000
test,chunk,test-koap-2.8,unseen_articles,everyday,koap,0.50000,1.00000,1.00000,0.33333
test,chunk,test-koap-2.1,unseen_articles,everyday,koap,0.00000,0.00000,0.00000,0.00000
test,chunk,test-koap-20.33,unseen_articles,search,koap,1.00000,1.00000,1.00000,1.00000
test,chunk,test-koap-20.30,unseen_articles,legal,koap,1.00000,1.00000,1.00000,1.00000
test,chunk,test-koap-20.34,unseen_articles,legal,koap,1.00000,1.00000,1.00000,1.00000
test,chunk,test-koap-23.56,unseen_articles,legal,koap,1.00000,1.00000,1.00000,1.00000
test,chunk,test-koap-23.14,unseen_articles,legal,koap,0.63093,1.00000,1.00000,0.50000
test,chunk,test-koap-25.5.1,unseen_articles,search,koap,1.00000,1.00000,1.00000,1.00000
test,chunk,test-koap-27.11,unseen_articles,search,koap,1.00000,1.00000,1.00000,1.00000
test,chunk,test-koap-24.8,unseen_articles,everyday,koap,1.00000,1.00000,1.00000,1.00000
test,chunk,test-koap-28.8,unseen_articles,legal,koap,1.00000,1.00000,1.00000,1.00000
test,chunk,test-koap-30.1,unseen_articles,everyday,koap,0.63093,1.00000,1.00000,0.50000
test,chunk,test-koap-30.10,unseen_articles,everyday,koap,0.50000,1.00000,1.00000,0.33333
test,chunk,test-koap-32.14,unseen_articles,legal,koap,1.00000,1.00000,1.00000,1.00000
test,chunk,test-koap-5.12,unseen_articles,search,koap,1.00000,1.00000,1.00000,1.00000
test,chunk,test-koap-30.4,unseen_articles,everyday,koap,1.00000,1.00000,1.00000,1.00000
test,chunk,test-koap-5.15,unseen_articles,search,koap,1.00000,1.00000,1.00000,1.00000
test,chunk,test-koap-5.3,unseen_articles,search,koap,1.00000,1.00000,1.00000,1.00000
test,chunk,test-koap-5.24,unseen_articles,legal,koap,1.00000,1.00000,1.00000,1.00000
test,chunk,test-koap-5.50,unseen_articles,search,koap,1.00000,1.00000,1.00000,1.00000
test,chunk,test-koap-5.54,unseen_articles,search,koap,0.63093,1.00000,1.00000,0.50000
test,chunk,test-koap-5.53,unseen_articles,legal,koap,1.00000,1.00000,1.00000,1.00000
test,chunk,test-koap-6.4,unseen_articles,search,koap,1.00000,1.00000,1.00000,1.00000
test,chunk,test-koap-6.16,unseen_articles,everyday,koap,0.63093,1.00000,1.00000,0.50000
test,chunk,test-koap-6.22,unseen_articles,everyday,koap,0.63093,1.00000,1.00000,0.50000
test,chunk,test-koap-7.27.1,unseen_articles,search,koap,1.00000,1.00000,1.00000,1.00000
test,chunk,test-koap-7.7,unseen_articles,legal,koap,1.00000,1.00000,1.00000,1.00000
test,chunk,test-koap-8.18,unseen_articles,search,koap,1.00000,1.00000,1.00000,1.00000
test,chunk,test-koap-8.25,unseen_articles,everyday,koap,0.63093,1.00000,1.00000,0.50000
test,chunk,test-koap-8.23,unseen_articles,everyday,koap,0.43068,1.00000,1.00000,0.25000
test,chunk,test-koap-8.28.1,unseen_articles,everyday,koap,1.00000,1.00000,1.00000,1.00000
test,chunk,test-koap-8.54,unseen_articles,legal,koap,1.00000,1.00000,1.00000,1.00000
test,chunk,test-koap-9.16,unseen_articles,legal,koap,1.00000,1.00000,1.00000,1.00000
test,chunk,test-tk-150,unseen_articles,search,tk,1.00000,1.00000,1.00000,1.00000
test,chunk,test-koap-9.22,unseen_articles,legal,koap,0.00000,0.00000,0.00000,0.00000
test,chunk,test-tk-16,unseen_articles,legal,tk,1.00000,1.00000,1.00000,1.00000
test,chunk,test-tk-160,unseen_articles,search,tk,1.00000,1.00000,1.00000,1.00000
test,chunk,test-tk-171,unseen_articles,search,tk,1.00000,1.00000,1.00000,1.00000
test,chunk,test-tk-165,unseen_articles,legal,tk,0.43068,1.00000,1.00000,0.25000
test,chunk,test-tk-164,unseen_articles,everyday,tk,1.00000,1.00000,1.00000,1.00000
test,chunk,test-tk-19,unseen_articles,legal,tk,1.00000,1.00000,1.00000,1.00000
test,chunk,test-tk-191,unseen_articles,legal,tk,1.00000,1.00000,1.00000,1.00000
test,chunk,test-tk-186.1,unseen_articles,everyday,tk,1.00000,1.00000,1.00000,1.00000
test,chunk,test-tk-197,unseen_articles,legal,tk,1.00000,1.00000,1.00000,1.00000
test,chunk,test-tk-20,unseen_articles,legal,tk,0.63093,1.00000,1.00000,0.50000
test,chunk,test-tk-210,unseen_articles,legal,tk,0.43068,1.00000,1.00000,0.25000
test,chunk,test-tk-21,unseen_articles,everyday,tk,0.35621,0.00000,1.00000,0.16667
test,chunk,test-tk-211.1,unseen_articles,everyday,tk,1.00000,1.00000,1.00000,1.00000
test,chunk,test-tk-221,unseen_articles,everyday,tk,0.31546,0.00000,1.00000,0.12500
test,chunk,test-tk-223,unseen_articles,legal,tk,1.00000,1.00000,1.00000,1.00000
test,chunk,test-tk-262,unseen_articles,search,tk,1.00000,1.00000,1.00000,1.00000
test,chunk,test-tk-267,unseen_articles,legal,tk,1.00000,1.00000,1.00000,1.00000
test,chunk,test-tk-245,unseen_articles,everyday,tk,1.00000,1.00000,1.00000,1.00000
test,chunk,test-tk-309.1,unseen_articles,search,tk,0.63093,1.00000,1.00000,0.50000
test,chunk,test-tk-310,unseen_articles,legal,tk,1.00000,1.00000,1.00000,1.00000
test,chunk,test-tk-29,unseen_articles,everyday,tk,1.00000,1.00000,1.00000,1.00000
test,chunk,test-tk-329,unseen_articles,search,tk,1.00000,1.00000,1.00000,1.00000
test,chunk,test-tk-327.6,unseen_articles,everyday,tk,0.63093,1.00000,1.00000,0.50000
test,chunk,test-tk-33,unseen_articles,legal,tk,1.00000,1.00000,1.00000,1.00000
test,chunk,test-tk-348.2,unseen_articles,search,tk,1.00000,1.00000,1.00000,1.00000
test,chunk,test-tk-334,unseen_articles,legal,tk,1.00000,1.00000,1.00000,1.00000
test,chunk,test-tk-80,unseen_articles,search,tk,0.35621,0.00000,1.00000,0.16667
test,chunk,test-tk-351.4,unseen_articles,everyday,tk,1.00000,1.00000,1.00000,1.00000
test,chunk,test-tk-41,unseen_articles,everyday,tk,1.00000,1.00000,1.00000,1.00000
test,chunk,test-zhk-1,unseen_articles,search,zhk,1.00000,1.00000,1.00000,1.00000
test,chunk,test-tk-86,unseen_articles,everyday,tk,1.00000,1.00000,1.00000,1.00000
test,chunk,test-zhk-109,unseen_articles,everyday,zhk,0.35621,0.00000,1.00000,0.16667
test,chunk,test-zhk-11,unseen_articles,everyday,zhk,0.50000,1.00000,1.00000,0.33333
test,chunk,test-zhk-155,unseen_articles,search,zhk,1.00000,1.00000,1.00000,1.00000
test,chunk,test-zhk-142,unseen_articles,legal,zhk,1.00000,1.00000,1.00000,1.00000
test,chunk,test-zhk-143,unseen_articles,legal,zhk,1.00000,1.00000,1.00000,1.00000
test,chunk,test-zhk-156.1,unseen_articles,search,zhk,1.00000,1.00000,1.00000,1.00000
test,chunk,test-zhk-167,unseen_articles,search,zhk,1.00000,1.00000,1.00000,1.00000
test,chunk,test-zhk-157,unseen_articles,legal,zhk,1.00000,1.00000,1.00000,1.00000
test,chunk,test-zhk-43,unseen_articles,search,zhk,1.00000,1.00000,1.00000,1.00000
test,chunk,test-zhk-49,unseen_articles,search,zhk,1.00000,1.00000,1.00000,1.00000
test,chunk,test-zhk-60,unseen_articles,search,zhk,0.43068,1.00000,1.00000,0.25000
test,chunk,test-zhk-68,unseen_articles,search,zhk,1.00000,1.00000,1.00000,1.00000
test,chunk,test-zhk-91.15,unseen_articles,legal,zhk,0.50000,1.00000,1.00000,0.33333
test,chunk,test-sk-1,unseen_codes,legal,sk,0.63093,1.00000,1.00000,0.50000
test,chunk,test-sk-10,unseen_codes,search,sk,1.00000,1.00000,1.00000,1.00000
test,chunk,test-zhk-92,unseen_articles,everyday,zhk,1.00000,1.00000,1.00000,1.00000
test,chunk,test-sk-102,unseen_codes,legal,sk,1.00000,1.00000,1.00000,1.00000
test,chunk,test-sk-100,unseen_codes,legal,sk,1.00000,1.00000,1.00000,1.00000
test,chunk,test-sk-101,unseen_codes,everyday,sk,1.00000,1.00000,1.00000,1.00000
test,chunk,test-sk-103,unseen_codes,search,sk,0.50000,1.00000,1.00000,0.33333
test,chunk,test-sk-104,unseen_codes,everyday,sk,1.00000,1.00000,1.00000,1.00000
test,chunk,test-sk-106,unseen_codes,legal,sk,1.00000,1.00000,1.00000,1.00000
test,chunk,test-sk-105,unseen_codes,everyday,sk,1.00000,1.00000,1.00000,1.00000
test,chunk,test-sk-108,unseen_codes,search,sk,1.00000,1.00000,1.00000,1.00000
test,chunk,test-sk-109,unseen_codes,search,sk,1.00000,1.00000,1.00000,1.00000
test,chunk,test-sk-110,unseen_codes,search,sk,1.00000,1.00000,1.00000,1.00000
test,chunk,test-sk-11,unseen_codes,legal,sk,1.00000,1.00000,1.00000,1.00000
test,chunk,test-sk-107,unseen_codes,everyday,sk,0.63093,1.00000,1.00000,0.50000
test,chunk,test-sk-111,unseen_codes,search,sk,1.00000,1.00000,1.00000,1.00000
test,chunk,test-sk-113,unseen_codes,legal,sk,1.00000,1.00000,1.00000,1.00000
test,chunk,test-sk-112,unseen_codes,everyday,sk,1.00000,1.00000,1.00000,1.00000
test,chunk,test-sk-115,unseen_codes,search,sk,1.00000,1.00000,1.00000,1.00000
test,chunk,test-sk-114,unseen_codes,everyday,sk,1.00000,1.00000,1.00000,1.00000
test,chunk,test-sk-116,unseen_codes,legal,sk,1.00000,1.00000,1.00000,1.00000
test,chunk,test-sk-117,unseen_codes,legal,sk,1.00000,1.00000,1.00000,1.00000
test,chunk,test-sk-118,unseen_codes,legal,sk,1.00000,1.00000,1.00000,1.00000
test,chunk,test-sk-119,unseen_codes,legal,sk,1.00000,1.00000,1.00000,1.00000
test,chunk,test-sk-121,unseen_codes,search,sk,1.00000,1.00000,1.00000,1.00000
test,chunk,test-sk-12,unseen_codes,everyday,sk,0.63093,1.00000,1.00000,0.50000
test,chunk,test-sk-120,unseen_codes,everyday,sk,0.63093,1.00000,1.00000,0.50000
test,chunk,test-sk-122,unseen_codes,search,sk,1.00000,1.00000,1.00000,1.00000
test,chunk,test-sk-123,unseen_codes,everyday,sk,0.63093,1.00000,1.00000,0.50000
test,chunk,test-sk-125,unseen_codes,legal,sk,1.00000,1.00000,1.00000,1.00000
test,chunk,test-sk-126,unseen_codes,search,sk,1.00000,1.00000,1.00000,1.00000
test,chunk,test-sk-124,unseen_codes,everyday,sk,1.00000,1.00000,1.00000,1.00000
test,chunk,test-sk-126.1,unseen_codes,search,sk,1.00000,1.00000,1.00000,1.00000
test,chunk,test-sk-127,unseen_codes,search,sk,0.50000,1.00000,1.00000,0.33333
test,chunk,test-sk-13,unseen_codes,search,sk,1.00000,1.00000,1.00000,1.00000
test,chunk,test-sk-129,unseen_codes,everyday,sk,1.00000,1.00000,1.00000,1.00000
test,chunk,test-sk-128,unseen_codes,everyday,sk,1.00000,1.00000,1.00000,1.00000
test,chunk,test-sk-130,unseen_codes,search,sk,1.00000,1.00000,1.00000,1.00000
test,chunk,test-sk-131,unseen_codes,legal,sk,1.00000,1.00000,1.00000,1.00000
test,chunk,test-sk-132,unseen_codes,legal,sk,1.00000,1.00000,1.00000,1.00000
test,chunk,test-sk-133,unseen_codes,everyday,sk,1.00000,1.00000,1.00000,1.00000
test,chunk,test-sk-135,unseen_codes,legal,sk,1.00000,1.00000,1.00000,1.00000
test,chunk,test-sk-134,unseen_codes,everyday,sk,1.00000,1.00000,1.00000,1.00000
test,chunk,test-sk-136,unseen_codes,everyday,sk,1.00000,1.00000,1.00000,1.00000
test,chunk,test-sk-137,unseen_codes,legal,sk,1.00000,1.00000,1.00000,1.00000
test,chunk,test-sk-138,unseen_codes,legal,sk,1.00000,1.00000,1.00000,1.00000
test,chunk,test-sk-139,unseen_codes,legal,sk,1.00000,1.00000,1.00000,1.00000
test,chunk,test-sk-14,unseen_codes,legal,sk,1.00000,1.00000,1.00000,1.00000
test,chunk,test-sk-140,unseen_codes,legal,sk,0.38685,1.00000,1.00000,0.20000
test,chunk,test-sk-142,unseen_codes,legal,sk,1.00000,1.00000,1.00000,1.00000
test,chunk,test-sk-141,unseen_codes,everyday,sk,1.00000,1.00000,1.00000,1.00000
test,chunk,test-sk-143,unseen_codes,legal,sk,1.00000,1.00000,1.00000,1.00000
test,chunk,test-sk-145,unseen_codes,everyday,sk,1.00000,1.00000,1.00000,1.00000
test,chunk,test-sk-144,unseen_codes,everyday,sk,1.00000,1.00000,1.00000,1.00000
test,chunk,test-sk-146,unseen_codes,everyday,sk,1.00000,1.00000,1.00000,1.00000
test,chunk,test-sk-148.1,unseen_codes,legal,sk,1.00000,1.00000,1.00000,1.00000
test,chunk,test-sk-148,unseen_codes,everyday,sk,1.00000,1.00000,1.00000,1.00000
test,chunk,test-sk-15,unseen_codes,legal,sk,1.00000,1.00000,1.00000,1.00000
test,chunk,test-sk-152,unseen_codes,everyday,sk,0.28906,0.00000,1.00000,0.10000
test,chunk,test-sk-153,unseen_codes,legal,sk,0.50000,1.00000,1.00000,0.33333
test,chunk,test-sk-155.1,unseen_codes,search,sk,1.00000,1.00000,1.00000,1.00000
test,chunk,test-sk-153.1,unseen_codes,legal,sk,1.00000,1.00000,1.00000,1.00000
test,chunk,test-sk-153.2,unseen_codes,search,sk,1.00000,1.00000,1.00000,1.00000
test,chunk,test-sk-155.2,unseen_codes,legal,sk,1.00000,1.00000,1.00000,1.00000
test,chunk,test-sk-156,unseen_codes,legal,sk,1.00000,1.00000,1.00000,1.00000
test,chunk,test-sk-155.3,unseen_codes,everyday,sk,0.00000,0.00000,0.00000,0.00000
test,chunk,test-sk-157,unseen_codes,search,sk,1.00000,1.00000,1.00000,1.00000
test,chunk,test-sk-158,unseen_codes,everyday,sk,1.00000,1.00000,1.00000,1.00000
test,chunk,test-sk-16,unseen_codes,search,sk,1.00000,1.00000,1.00000,1.00000
test,chunk,test-sk-159,unseen_codes,legal,sk,1.00000,1.00000,1.00000,1.00000
test,chunk,test-sk-160,unseen_codes,legal,sk,1.00000,1.00000,1.00000,1.00000
test,chunk,test-sk-162,unseen_codes,search,sk,1.00000,1.00000,1.00000,1.00000
test,chunk,test-sk-161,unseen_codes,everyday,sk,1.00000,1.00000,1.00000,1.00000
test,chunk,test-sk-165,unseen_codes,search,sk,1.00000,1.00000,1.00000,1.00000
test,chunk,test-sk-163,unseen_codes,everyday,sk,0.50000,1.00000,1.00000,0.33333
test,chunk,test-sk-164,unseen_codes,everyday,sk,0.63093,1.00000,1.00000,0.50000
test,chunk,test-sk-167,unseen_codes,search,sk,0.63093,1.00000,1.00000,0.50000
test,chunk,test-sk-168,unseen_codes,legal,sk,1.00000,1.00000,1.00000,1.00000
test,chunk,test-sk-169,unseen_codes,legal,sk,1.00000,1.00000,1.00000,1.00000
test,chunk,test-sk-166,unseen_codes,everyday,sk,0.63093,1.00000,1.00000,0.50000
test,chunk,test-sk-18,unseen_codes,everyday,sk,0.63093,1.00000,1.00000,0.50000
test,chunk,test-sk-170,unseen_codes,everyday,sk,0.00000,0.00000,0.00000,0.00000
test,chunk,test-sk-19,unseen_codes,everyday,sk,0.38685,1.00000,1.00000,0.20000
test,chunk,test-sk-20,unseen_codes,search,sk,0.50000,1.00000,1.00000,0.33333
test,chunk,test-sk-2,unseen_codes,legal,sk,1.00000,1.00000,1.00000,1.00000
test,chunk,test-sk-21,unseen_codes,search,sk,0.50000,1.00000,1.00000,0.33333
test,chunk,test-sk-22,unseen_codes,everyday,sk,1.00000,1.00000,1.00000,1.00000
test,chunk,test-sk-23,unseen_codes,everyday,sk,0.63093,1.00000,1.00000,0.50000
test,chunk,test-sk-24,unseen_codes,everyday,sk,1.00000,1.00000,1.00000,1.00000
test,chunk,test-sk-25,unseen_codes,legal,sk,0.63093,1.00000,1.00000,0.50000
test,chunk,test-sk-28,unseen_codes,search,sk,1.00000,1.00000,1.00000,1.00000
test,chunk,test-sk-26,unseen_codes,everyday,sk,1.00000,1.00000,1.00000,1.00000
test,chunk,test-sk-27,unseen_codes,everyday,sk,1.00000,1.00000,1.00000,1.00000
test,chunk,test-sk-3,unseen_codes,legal,sk,1.00000,1.00000,1.00000,1.00000
test,chunk,test-sk-30,unseen_codes,search,sk,1.00000,1.00000,1.00000,1.00000
test,chunk,test-sk-29,unseen_codes,everyday,sk,0.63093,1.00000,1.00000,0.50000
test,chunk,test-sk-31,unseen_codes,search,sk,1.00000,1.00000,1.00000,1.00000
test,chunk,test-sk-33,unseen_codes,legal,sk,1.00000,1.00000,1.00000,1.00000
test,chunk,test-sk-34,unseen_codes,legal,sk,1.00000,1.00000,1.00000,1.00000
test,chunk,test-sk-32,unseen_codes,everyday,sk,1.00000,1.00000,1.00000,1.00000
test,chunk,test-sk-36,unseen_codes,search,sk,1.00000,1.00000,1.00000,1.00000
test,chunk,test-sk-35,unseen_codes,legal,sk,1.00000,1.00000,1.00000,1.00000
test,chunk,test-sk-37,unseen_codes,legal,sk,1.00000,1.00000,1.00000,1.00000
test,chunk,test-sk-39,unseen_codes,legal,sk,1.00000,1.00000,1.00000,1.00000
test,chunk,test-sk-4,unseen_codes,search,sk,1.00000,1.00000,1.00000,1.00000
test,chunk,test-sk-38,unseen_codes,everyday,sk,1.00000,1.00000,1.00000,1.00000
test,chunk,test-sk-40,unseen_codes,legal,sk,1.00000,1.00000,1.00000,1.00000
test,chunk,test-sk-41,unseen_codes,search,sk,0.63093,1.00000,1.00000,0.50000
test,chunk,test-sk-43,unseen_codes,legal,sk,0.63093,1.00000,1.00000,0.50000
test,chunk,test-sk-44,unseen_codes,legal,sk,1.00000,1.00000,1.00000,1.00000
test,chunk,test-sk-42,unseen_codes,everyday,sk,1.00000,1.00000,1.00000,1.00000
test,chunk,test-sk-46,unseen_codes,search,sk,1.00000,1.00000,1.00000,1.00000
test,chunk,test-sk-48,unseen_codes,search,sk,0.63093,1.00000,1.00000,0.50000
test,chunk,test-sk-45,unseen_codes,everyday,sk,1.00000,1.00000,1.00000,1.00000
test,chunk,test-sk-49,unseen_codes,search,sk,1.00000,1.00000,1.00000,1.00000
test,chunk,test-sk-5,unseen_codes,search,sk,0.00000,0.00000,0.00000,0.00000
test,chunk,test-sk-50,unseen_codes,search,sk,1.00000,1.00000,1.00000,1.00000
test,chunk,test-sk-51,unseen_codes,everyday,sk,1.00000,1.00000,1.00000,1.00000
test,chunk,test-sk-53,unseen_codes,legal,sk,1.00000,1.00000,1.00000,1.00000
test,chunk,test-sk-52,unseen_codes,everyday,sk,1.00000,1.00000,1.00000,1.00000
test,chunk,test-sk-55,unseen_codes,legal,sk,0.63093,1.00000,1.00000,0.50000
test,chunk,test-sk-54,unseen_codes,everyday,sk,1.00000,1.00000,1.00000,1.00000
test,chunk,test-sk-56,unseen_codes,everyday,sk,1.00000,1.00000,1.00000,1.00000
test,chunk,test-sk-57,unseen_codes,legal,sk,1.00000,1.00000,1.00000,1.00000
test,chunk,test-sk-59,unseen_codes,search,sk,1.00000,1.00000,1.00000,1.00000
test,chunk,test-sk-58,unseen_codes,everyday,sk,1.00000,1.00000,1.00000,1.00000
test,chunk,test-sk-60,unseen_codes,legal,sk,1.00000,1.00000,1.00000,1.00000
test,chunk,test-sk-61,unseen_codes,search,sk,0.28906,0.00000,1.00000,0.10000
test,chunk,test-sk-62,unseen_codes,legal,sk,1.00000,1.00000,1.00000,1.00000
test,chunk,test-sk-63,unseen_codes,legal,sk,0.50000,1.00000,1.00000,0.33333
test,chunk,test-sk-6,unseen_codes,everyday,sk,1.00000,1.00000,1.00000,1.00000
test,chunk,test-sk-65,unseen_codes,search,sk,0.50000,1.00000,1.00000,0.33333
test,chunk,test-sk-64,unseen_codes,search,sk,1.00000,1.00000,1.00000,1.00000
test,chunk,test-sk-66,unseen_codes,legal,sk,1.00000,1.00000,1.00000,1.00000
test,chunk,test-sk-67,unseen_codes,legal,sk,1.00000,1.00000,1.00000,1.00000
test,chunk,test-sk-68,unseen_codes,everyday,sk,1.00000,1.00000,1.00000,1.00000
test,chunk,test-sk-69,unseen_codes,everyday,sk,0.63093,1.00000,1.00000,0.50000
test,chunk,test-sk-71,unseen_codes,search,sk,1.00000,1.00000,1.00000,1.00000
test,chunk,test-sk-7,unseen_codes,everyday,sk,0.00000,0.00000,0.00000,0.00000
test,chunk,test-sk-70,unseen_codes,everyday,sk,1.00000,1.00000,1.00000,1.00000
test,chunk,test-sk-73,unseen_codes,search,sk,1.00000,1.00000,1.00000,1.00000
test,chunk,test-sk-72,unseen_codes,everyday,sk,1.00000,1.00000,1.00000,1.00000
test,chunk,test-sk-74,unseen_codes,legal,sk,1.00000,1.00000,1.00000,1.00000
test,chunk,test-sk-75,unseen_codes,legal,sk,1.00000,1.00000,1.00000,1.00000
test,chunk,test-sk-76,unseen_codes,search,sk,1.00000,1.00000,1.00000,1.00000
test,chunk,test-sk-78,unseen_codes,legal,sk,1.00000,1.00000,1.00000,1.00000
test,chunk,test-sk-77,unseen_codes,everyday,sk,1.00000,1.00000,1.00000,1.00000
test,chunk,test-sk-79,unseen_codes,legal,sk,1.00000,1.00000,1.00000,1.00000
test,chunk,test-sk-8,unseen_codes,legal,sk,1.00000,1.00000,1.00000,1.00000
test,chunk,test-sk-81,unseen_codes,search,sk,1.00000,1.00000,1.00000,1.00000
test,chunk,test-sk-80,unseen_codes,everyday,sk,0.33333,0.00000,1.00000,0.14286
test,chunk,test-sk-82,unseen_codes,search,sk,1.00000,1.00000,1.00000,1.00000
test,chunk,test-sk-84,unseen_codes,search,sk,1.00000,1.00000,1.00000,1.00000
test,chunk,test-sk-83,unseen_codes,legal,sk,1.00000,1.00000,1.00000,1.00000
test,chunk,test-sk-85,unseen_codes,legal,sk,1.00000,1.00000,1.00000,1.00000
test,chunk,test-sk-86,unseen_codes,search,sk,1.00000,1.00000,1.00000,1.00000
test,chunk,test-sk-88,unseen_codes,search,sk,0.63093,1.00000,1.00000,0.50000
test,chunk,test-sk-87,unseen_codes,everyday,sk,0.43068,1.00000,1.00000,0.25000
test,chunk,test-sk-89,unseen_codes,legal,sk,0.63093,1.00000,1.00000,0.50000
test,chunk,test-sk-9,unseen_codes,search,sk,1.00000,1.00000,1.00000,1.00000
test,chunk,test-sk-90,unseen_codes,everyday,sk,1.00000,1.00000,1.00000,1.00000
test,chunk,test-sk-92,unseen_codes,everyday,sk,0.00000,0.00000,0.00000,0.00000
test,chunk,test-sk-94,unseen_codes,search,sk,1.00000,1.00000,1.00000,1.00000
test,chunk,test-sk-93,unseen_codes,legal,sk,1.00000,1.00000,1.00000,1.00000
test,chunk,test-sk-96,unseen_codes,search,sk,1.00000,1.00000,1.00000,1.00000
test,chunk,test-sk-97,unseen_codes,search,sk,1.00000,1.00000,1.00000,1.00000
test,chunk,test-sk-95,unseen_codes,legal,sk,1.00000,1.00000,1.00000,1.00000
test,chunk,test-sk-98,unseen_codes,search,sk,1.00000,1.00000,1.00000,1.00000
test,chunk,test-sk-99,unseen_codes,search,sk,1.00000,1.00000,1.00000,1.00000
test,chunk,test-zozpp-1,unseen_codes,legal,zozpp,0.63093,1.00000,1.00000,0.50000
test,chunk,test-zozpp-11,unseen_codes,search,zozpp,1.00000,1.00000,1.00000,1.00000
test,chunk,test-zozpp-10,unseen_codes,everyday,zozpp,0.43068,1.00000,1.00000,0.25000
test,chunk,test-zozpp-10.1,unseen_codes,everyday,zozpp,1.00000,1.00000,1.00000,1.00000
test,chunk,test-zozpp-13,unseen_codes,search,zozpp,1.00000,1.00000,1.00000,1.00000
test,chunk,test-zozpp-12,unseen_codes,legal,zozpp,1.00000,1.00000,1.00000,1.00000
test,chunk,test-zozpp-14,unseen_codes,everyday,zozpp,0.63093,1.00000,1.00000,0.50000
test,chunk,test-zozpp-15,unseen_codes,legal,zozpp,1.00000,1.00000,1.00000,1.00000
test,chunk,test-zozpp-16,unseen_codes,search,zozpp,1.00000,1.00000,1.00000,1.00000
test,chunk,test-zozpp-16.1,unseen_codes,search,zozpp,1.00000,1.00000,1.00000,1.00000
test,chunk,test-zozpp-17,unseen_codes,search,zozpp,0.43068,1.00000,1.00000,0.25000
test,chunk,test-zozpp-18,unseen_codes,search,zozpp,0.63093,1.00000,1.00000,0.50000
test,chunk,test-zozpp-2,unseen_codes,search,zozpp,0.43068,1.00000,1.00000,0.25000
test,chunk,test-zozpp-19,unseen_codes,legal,zozpp,1.00000,1.00000,1.00000,1.00000
test,chunk,test-zozpp-21,unseen_codes,search,zozpp,1.00000,1.00000,1.00000,1.00000
test,chunk,test-zozpp-22,unseen_codes,search,zozpp,0.63093,1.00000,1.00000,0.50000
test,chunk,test-zozpp-20,unseen_codes,everyday,zozpp,0.50000,1.00000,1.00000,0.33333
test,chunk,test-zozpp-23.1,unseen_codes,search,zozpp,0.43068,1.00000,1.00000,0.25000
test,chunk,test-zozpp-23,unseen_codes,legal,zozpp,1.00000,1.00000,1.00000,1.00000
test,chunk,test-zozpp-24,unseen_codes,everyday,zozpp,1.00000,1.00000,1.00000,1.00000
test,chunk,test-zozpp-25,unseen_codes,everyday,zozpp,1.00000,1.00000,1.00000,1.00000
test,chunk,test-zozpp-26.1,unseen_codes,everyday,zozpp,0.43068,1.00000,1.00000,0.25000
test,chunk,test-zozpp-27,unseen_codes,search,zozpp,1.00000,1.00000,1.00000,1.00000
test,chunk,test-zozpp-28,unseen_codes,search,zozpp,1.00000,1.00000,1.00000,1.00000
test,chunk,test-zozpp-3,unseen_codes,search,zozpp,1.00000,1.00000,1.00000,1.00000
test,chunk,test-zozpp-29,unseen_codes,legal,zozpp,1.00000,1.00000,1.00000,1.00000
test,chunk,test-zozpp-32,unseen_codes,search,zozpp,1.00000,1.00000,1.00000,1.00000
test,chunk,test-zozpp-30,unseen_codes,everyday,zozpp,0.31546,0.00000,1.00000,0.12500
test,chunk,test-zozpp-33,unseen_codes,search,zozpp,1.00000,1.00000,1.00000,1.00000
test,chunk,test-zozpp-31,unseen_codes,everyday,zozpp,0.30103,0.00000,1.00000,0.11111
test,chunk,test-zozpp-35,unseen_codes,search,zozpp,0.63093,1.00000,1.00000,0.50000
test,chunk,test-zozpp-34,unseen_codes,everyday,zozpp,0.63093,1.00000,1.00000,0.50000
test,chunk,test-zozpp-37,unseen_codes,everyday,zozpp,1.00000,1.00000,1.00000,1.00000
test,chunk,test-zozpp-39,unseen_codes,search,zozpp,0.63093,1.00000,1.00000,0.50000
test,chunk,test-zozpp-36,unseen_codes,everyday,zozpp,0.43068,1.00000,1.00000,0.25000
test,chunk,test-zozpp-40,unseen_codes,legal,zozpp,0.00000,0.00000,0.00000,0.00000
test,chunk,test-zozpp-41,unseen_codes,everyday,zozpp,1.00000,1.00000,1.00000,1.00000
test,chunk,test-zozpp-42.1,unseen_codes,search,zozpp,1.00000,1.00000,1.00000,1.00000
test,chunk,test-zozpp-42.3,unseen_codes,legal,zozpp,1.00000,1.00000,1.00000,1.00000
test,chunk,test-zozpp-42.2,unseen_codes,legal,zozpp,1.00000,1.00000,1.00000,1.00000
test,chunk,test-zozpp-43,unseen_codes,everyday,zozpp,0.00000,0.00000,0.00000,0.00000
test,chunk,test-zozpp-45,unseen_codes,search,zozpp,1.00000,1.00000,1.00000,1.00000
test,chunk,test-zozpp-44,unseen_codes,search,zozpp,1.00000,1.00000,1.00000,1.00000
test,chunk,test-zozpp-46,unseen_codes,legal,zozpp,1.00000,1.00000,1.00000,1.00000
test,chunk,test-zozpp-6,unseen_codes,everyday,zozpp,0.43068,1.00000,1.00000,0.25000
test,chunk,test-zozpp-5,unseen_codes,everyday,zozpp,0.00000,0.00000,0.00000,0.00000
test,chunk,test-zozpp-7,unseen_codes,legal,zozpp,1.00000,1.00000,1.00000,1.00000
test,chunk,test-zozpp-9,unseen_codes,search,zozpp,1.00000,1.00000,1.00000,1.00000
test,chunk,test-zozpp-8,unseen_codes,legal,zozpp,0.43068,1.00000,1.00000,0.25000
external,chunk,ext-1,tk_rf_rag,external,tk,1.00000,1.00000,1.00000,1.00000
external,chunk,ext-2,tk_rf_rag,external,tk,1.00000,1.00000,1.00000,1.00000
external,chunk,ext-3,tk_rf_rag,external,tk,1.00000,1.00000,1.00000,1.00000
external,chunk,ext-4,tk_rf_rag,external,tk,1.00000,1.00000,1.00000,1.00000
external,chunk,ext-5,tk_rf_rag,external,tk,1.00000,1.00000,1.00000,1.00000
external,chunk,ext-6,tk_rf_rag,external,tk,1.00000,1.00000,1.00000,1.00000
external,chunk,ext-7,tk_rf_rag,external,tk,1.00000,1.00000,1.00000,1.00000
external,chunk,ext-8,tk_rf_rag,external,tk,1.00000,1.00000,1.00000,1.00000
external,chunk,ext-9,tk_rf_rag,external,tk,1.00000,1.00000,1.00000,1.00000
external,chunk,ext-10,tk_rf_rag,external,tk,1.00000,1.00000,1.00000,1.00000
external,chunk,ext-11,tk_rf_rag,external,tk,1.00000,1.00000,1.00000,1.00000
external,chunk,ext-12,tk_rf_rag,external,tk,0.63093,1.00000,1.00000,0.50000
external,chunk,ext-13,tk_rf_rag,external,tk,1.00000,1.00000,1.00000,1.00000
external,chunk,ext-14,tk_rf_rag,external,tk,0.63093,1.00000,1.00000,0.50000
external,chunk,ext-15,tk_rf_rag,external,tk,1.00000,1.00000,1.00000,1.00000
external,chunk,ext-16,tk_rf_rag,external,tk,1.00000,1.00000,1.00000,1.00000
external,chunk,ext-17,tk_rf_rag,external,tk,1.00000,1.00000,1.00000,1.00000
external,chunk,ext-18,tk_rf_rag,external,tk,0.63093,1.00000,1.00000,0.50000
external,chunk,ext-19,tk_rf_rag,external,tk,1.00000,1.00000,1.00000,1.00000
external,chunk,ext-20,tk_rf_rag,external,tk,0.63093,1.00000,1.00000,0.50000
external,chunk,ext-21,tk_rf_rag,external,tk,1.00000,1.00000,1.00000,1.00000
external,chunk,ext-22,tk_rf_rag,external,tk,1.00000,1.00000,1.00000,1.00000
external,chunk,ext-23,tk_rf_rag,external,tk,1.00000,1.00000,1.00000,1.00000
external,chunk,ext-24,tk_rf_rag,external,tk,1.00000,1.00000,1.00000,1.00000
external,chunk,ext-25,tk_rf_rag,external,tk,1.00000,1.00000,1.00000,1.00000
